CREATE DATABASE  IF NOT EXISTS `unifit` /*!40100 DEFAULT CHARACTER SET utf8 */ /*!80016 DEFAULT ENCRYPTION='N' */;
USE `unifit`;
-- MySQL dump 10.13  Distrib 8.0.18, for Win64 (x86_64)
--
-- Host: localhost    Database: unifit
-- ------------------------------------------------------
-- Server version	8.0.18

/*!40101 SET @OLD_CHARACTER_SET_CLIENT=@@CHARACTER_SET_CLIENT */;
/*!40101 SET @OLD_CHARACTER_SET_RESULTS=@@CHARACTER_SET_RESULTS */;
/*!40101 SET @OLD_COLLATION_CONNECTION=@@COLLATION_CONNECTION */;
/*!50503 SET NAMES utf8 */;
/*!40103 SET @OLD_TIME_ZONE=@@TIME_ZONE */;
/*!40103 SET TIME_ZONE='+00:00' */;
/*!40014 SET @OLD_UNIQUE_CHECKS=@@UNIQUE_CHECKS, UNIQUE_CHECKS=0 */;
/*!40014 SET @OLD_FOREIGN_KEY_CHECKS=@@FOREIGN_KEY_CHECKS, FOREIGN_KEY_CHECKS=0 */;
/*!40101 SET @OLD_SQL_MODE=@@SQL_MODE, SQL_MODE='NO_AUTO_VALUE_ON_ZERO' */;
/*!40111 SET @OLD_SQL_NOTES=@@SQL_NOTES, SQL_NOTES=0 */;

--
-- Table structure for table `chiusura`
--

DROP TABLE IF EXISTS `chiusura`;
/*!40101 SET @saved_cs_client     = @@character_set_client */;
/*!50503 SET character_set_client = utf8mb4 */;
CREATE TABLE `chiusura` (
  `idChiusura` int(11) NOT NULL AUTO_INCREMENT,
  `dataChiusura` date NOT NULL,
  `struttura` int(11) NOT NULL,
  PRIMARY KEY (`idChiusura`),
  KEY `fk4_idx` (`struttura`),
  CONSTRAINT `fk_4` FOREIGN KEY (`struttura`) REFERENCES `struttura` (`idStruttura`) ON DELETE CASCADE ON UPDATE CASCADE
) ENGINE=InnoDB AUTO_INCREMENT=1899 DEFAULT CHARSET=utf8mb4 COLLATE=utf8mb4_0900_ai_ci;
/*!40101 SET character_set_client = @saved_cs_client */;

--
-- Dumping data for table `chiusura`
--

LOCK TABLES `chiusura` WRITE;
/*!40000 ALTER TABLE `chiusura` DISABLE KEYS */;
INSERT INTO `chiusura` VALUES (1,'2021-12-25',1),(2,'2021-12-25',2),(3,'2022-12-25',4),(4,'2022-12-31',4),(5,'2022-12-31',4),(9,'2022-12-25',6),(10,'2022-12-31',6),(11,'2022-12-31',6),(12,'2022-12-25',7),(13,'2022-12-31',7),(14,'2022-12-31',7),(15,'2022-12-25',8),(16,'2022-12-31',8),(17,'2022-12-31',8),(18,'2022-12-25',9),(19,'2022-12-31',9),(20,'2022-12-31',9),(21,'2022-12-25',10),(22,'2022-12-31',10),(23,'2022-12-31',10),(24,'2022-12-25',11),(25,'2022-12-31',11),(26,'2022-12-31',11),(30,'2022-12-25',13),(31,'2022-12-31',13),(32,'2022-12-31',13),(33,'2022-12-25',14),(34,'2022-12-31',14),(35,'2022-12-31',14),(36,'2022-12-25',15),(37,'2022-12-31',15),(38,'2022-12-31',15),(39,'2022-12-25',16),(40,'2022-12-31',16),(41,'2022-12-31',16),(42,'2022-12-25',17),(43,'2022-12-31',17),(44,'2022-12-31',17),(45,'2022-12-25',18),(46,'2022-12-31',18),(47,'2022-12-31',18),(48,'2022-12-25',19),(49,'2022-12-31',19),(50,'2022-12-31',19),(51,'2022-12-25',20),(52,'2022-12-31',20),(53,'2022-12-31',20),(57,'2022-12-25',21),(58,'2022-12-31',21),(59,'2022-12-31',21),(60,'2022-12-25',22),(61,'2022-12-31',22),(62,'2022-12-31',22),(63,'2022-12-25',23),(64,'2022-12-31',23),(65,'2022-12-31',23),(66,'2022-12-25',24),(67,'2022-12-31',24),(68,'2022-12-31',24),(69,'2022-12-25',25),(70,'2022-12-31',25),(71,'2022-12-31',25),(75,'2022-12-25',26),(76,'2022-12-31',26),(77,'2022-12-31',26),(78,'2022-12-25',27),(79,'2022-12-31',27),(80,'2022-12-31',27),(81,'2022-12-25',28),(82,'2022-12-31',28),(83,'2022-12-31',28),(84,'2022-12-25',29),(85,'2022-12-31',29),(86,'2022-12-31',29),(87,'2022-12-25',30),(88,'2022-12-31',30),(89,'2022-12-31',30),(93,'2022-12-25',31),(94,'2022-12-31',31),(95,'2022-12-31',31),(96,'2022-12-25',32),(97,'2022-12-31',32),(98,'2022-12-31',32),(99,'2022-12-25',33),(100,'2022-12-31',33),(101,'2022-12-31',33),(102,'2022-12-25',34),(103,'2022-12-31',34),(104,'2022-12-31',34),(105,'2022-12-25',35),(106,'2022-12-31',35),(107,'2022-12-31',35),(108,'2022-12-25',12),(109,'2022-12-31',12),(110,'2022-12-31',12),(111,'2022-12-25',36),(112,'2022-12-31',36),(113,'2022-12-31',36),(114,'2022-12-25',37),(115,'2022-12-31',37),(116,'2022-12-31',37),(117,'2022-12-25',38),(118,'2022-12-31',38),(119,'2022-12-31',38),(120,'2022-12-25',39),(121,'2022-12-31',39),(122,'2022-12-31',39),(123,'2022-12-25',40),(124,'2022-12-31',40),(125,'2022-12-31',40),(126,'2022-12-25',41),(127,'2022-12-31',41),(128,'2022-12-31',41),(129,'2022-12-25',42),(130,'2022-12-31',42),(131,'2022-12-31',42),(132,'2022-12-25',43),(133,'2022-12-31',43),(134,'2022-12-31',43),(135,'2022-12-25',44),(136,'2022-12-31',44),(137,'2022-12-31',44),(138,'2022-12-25',45),(139,'2022-12-31',45),(140,'2022-12-31',45),(141,'2022-12-25',46),(142,'2022-12-31',46),(143,'2022-12-31',46),(1425,'2022-12-25',432),(1426,'2022-12-30',432),(1427,'2022-12-31',432),(1443,'2022-12-25',437),(1444,'2022-12-30',437),(1445,'2022-12-31',437),(1461,'2022-12-25',442),(1462,'2022-12-30',442),(1463,'2022-12-31',442),(1479,'2022-12-25',447),(1480,'2022-12-30',447),(1481,'2022-12-31',447),(1494,'2022-12-25',451),(1495,'2022-12-30',451),(1496,'2022-12-31',451),(1497,'2022-12-25',452),(1498,'2022-12-30',452),(1499,'2022-12-31',452),(1500,'2022-12-25',453),(1501,'2022-12-30',453),(1502,'2022-12-31',453),(1503,'2022-12-25',454),(1504,'2022-12-30',454),(1505,'2022-12-31',454),(1506,'2022-12-25',455),(1507,'2022-12-30',455),(1508,'2022-12-31',455),(1512,'2022-12-25',456),(1513,'2022-12-30',456),(1514,'2022-12-31',456),(1515,'2022-12-25',457),(1516,'2022-12-30',457),(1517,'2022-12-31',457),(1518,'2022-12-25',458),(1519,'2022-12-30',458),(1520,'2022-12-31',458),(1521,'2022-12-25',459),(1522,'2022-12-30',459),(1523,'2022-12-31',459),(1524,'2022-12-25',460),(1525,'2022-12-30',460),(1526,'2022-12-31',460),(1530,'2022-12-25',461),(1531,'2022-12-30',461),(1532,'2022-12-31',461),(1533,'2022-12-25',462),(1534,'2022-12-30',462),(1535,'2022-12-31',462),(1536,'2022-12-25',463),(1537,'2022-12-30',463),(1538,'2022-12-31',463),(1539,'2022-12-25',464),(1540,'2022-12-30',464),(1541,'2022-12-31',464),(1548,'2022-12-25',466),(1549,'2022-12-30',466),(1550,'2022-12-31',466),(1551,'2022-12-30',467),(1552,'2022-12-25',467),(1553,'2022-12-31',467),(1554,'2022-12-25',468),(1555,'2022-12-30',468),(1556,'2022-12-31',468),(1557,'2022-12-25',469),(1558,'2022-12-30',469),(1559,'2022-12-31',469),(1560,'2022-12-25',470),(1561,'2022-12-30',470),(1562,'2022-12-31',470),(1566,'2022-12-25',471),(1567,'2022-12-30',471),(1568,'2022-12-31',471),(1569,'2022-12-25',472),(1570,'2022-12-30',472),(1571,'2022-12-31',472),(1572,'2022-12-25',473),(1573,'2022-12-30',473),(1574,'2022-12-31',473),(1575,'2022-12-25',474),(1576,'2022-12-30',474),(1577,'2022-12-31',474),(1578,'2022-12-25',475),(1579,'2022-12-30',475),(1580,'2022-12-31',475),(1584,'2022-12-25',476),(1585,'2022-12-30',476),(1586,'2022-12-31',476),(1587,'2022-12-25',477),(1588,'2022-12-30',477),(1589,'2022-12-31',477),(1590,'2022-12-25',478),(1591,'2022-12-30',478),(1592,'2022-12-31',478),(1593,'2022-12-25',479),(1594,'2022-12-30',479),(1595,'2022-12-31',479),(1596,'2022-12-25',480),(1597,'2022-12-30',480),(1598,'2022-12-31',480),(1602,'2022-12-25',481),(1603,'2022-12-30',481),(1604,'2022-12-31',481),(1605,'2022-12-25',482),(1606,'2022-12-30',482),(1607,'2022-12-31',482),(1608,'2022-12-25',483),(1609,'2022-12-30',483),(1610,'2022-12-31',483),(1611,'2022-12-25',484),(1612,'2022-12-30',484),(1613,'2022-12-31',484),(1614,'2022-12-25',485),(1615,'2022-12-30',485),(1616,'2022-12-31',485),(1620,'2022-12-25',486),(1621,'2022-12-30',486),(1622,'2022-12-31',486),(1623,'2022-12-25',487),(1624,'2022-12-30',487),(1625,'2022-12-31',487),(1626,'2022-12-25',488),(1627,'2022-12-30',488),(1628,'2022-12-31',488),(1629,'2022-12-25',489),(1630,'2022-12-30',489),(1631,'2022-12-31',489),(1632,'2022-12-25',490),(1633,'2022-12-30',490),(1634,'2022-12-31',490),(1638,'2022-12-25',491),(1639,'2022-12-30',491),(1640,'2022-12-31',491),(1641,'2022-12-25',492),(1642,'2022-12-30',492),(1643,'2022-12-31',492),(1644,'2022-12-25',493),(1645,'2022-12-30',493),(1646,'2022-12-31',493),(1647,'2022-12-25',494),(1648,'2022-12-30',494),(1649,'2022-12-31',494),(1650,'2022-12-25',495),(1651,'2022-12-30',495),(1652,'2022-12-31',495),(1656,'2022-12-25',496),(1657,'2022-12-30',496),(1658,'2022-12-31',496),(1659,'2022-12-25',497),(1660,'2022-12-30',497),(1661,'2022-12-31',497),(1662,'2022-12-25',498),(1663,'2022-12-30',498),(1664,'2022-12-31',498),(1665,'2022-12-25',499),(1666,'2022-12-30',499),(1667,'2022-12-31',499),(1668,'2022-12-25',500),(1669,'2022-12-30',500),(1670,'2022-12-31',500),(1674,'2022-12-25',501),(1675,'2022-12-30',501),(1676,'2022-12-31',501),(1677,'2022-12-25',502),(1678,'2022-12-30',502),(1679,'2022-12-31',502),(1680,'2022-12-25',503),(1681,'2022-12-30',503),(1682,'2022-12-31',503),(1683,'2022-12-25',504),(1684,'2022-12-30',504),(1685,'2022-12-31',504),(1686,'2022-12-25',505),(1687,'2022-12-30',505),(1688,'2022-12-31',505),(1692,'2022-12-25',506),(1693,'2022-12-30',506),(1694,'2022-12-31',506),(1695,'2022-12-25',507),(1696,'2022-12-30',507),(1697,'2022-12-31',507),(1698,'2022-12-25',508),(1699,'2022-12-30',508),(1700,'2022-12-31',508),(1701,'2022-12-25',509),(1702,'2022-12-30',509),(1703,'2022-12-31',509),(1704,'2022-12-25',510),(1705,'2022-12-30',510),(1706,'2022-12-31',510),(1710,'2022-12-25',511),(1711,'2022-12-30',511),(1712,'2022-12-31',511),(1713,'2022-12-25',512),(1714,'2022-12-30',512),(1715,'2022-12-31',512),(1716,'2022-12-25',513),(1717,'2022-12-30',513),(1718,'2022-12-31',513),(1719,'2022-12-25',514),(1720,'2022-12-30',514),(1721,'2022-12-31',514),(1722,'2022-12-25',515),(1723,'2022-12-30',515),(1724,'2022-12-31',515),(1728,'2022-12-25',516),(1729,'2022-12-30',516),(1730,'2022-12-31',516),(1731,'2022-12-25',517),(1732,'2022-12-30',517),(1733,'2022-12-31',517),(1734,'2022-12-25',518),(1735,'2022-12-30',518),(1736,'2022-12-31',518),(1737,'2022-12-25',519),(1738,'2022-12-30',519),(1739,'2022-12-31',519),(1740,'2022-12-25',520),(1741,'2022-12-30',520),(1742,'2022-12-31',520),(1746,'2022-12-25',521),(1747,'2022-12-30',521),(1748,'2022-12-31',521),(1749,'2022-12-25',522),(1750,'2022-12-30',522),(1751,'2022-12-31',522),(1755,'2022-12-25',524),(1756,'2022-12-30',524),(1757,'2022-12-31',524),(1758,'2022-12-25',525),(1759,'2022-12-30',525),(1760,'2022-12-31',525),(1767,'2022-12-25',526),(1768,'2022-12-30',526),(1769,'2022-12-31',526),(1770,'2022-12-25',527),(1771,'2022-12-30',527),(1772,'2022-12-31',527),(1773,'2022-12-25',528),(1774,'2022-12-30',528),(1775,'2022-12-31',528),(1776,'2022-12-25',529),(1777,'2022-12-30',529),(1778,'2022-12-31',529),(1779,'2022-12-25',530),(1780,'2022-12-30',530),(1781,'2022-12-31',530),(1788,'2022-12-25',531),(1789,'2022-12-30',531),(1790,'2022-12-31',531),(1791,'2022-12-25',532),(1792,'2022-12-30',532),(1793,'2022-12-31',532),(1794,'2022-12-25',533),(1795,'2022-12-30',533),(1796,'2022-12-31',533),(1797,'2022-12-25',534),(1798,'2022-12-30',534),(1799,'2022-12-31',534),(1800,'2022-12-25',535),(1801,'2022-12-30',535),(1802,'2022-12-31',535),(1806,'2022-12-25',536),(1807,'2022-12-30',536),(1808,'2022-12-31',536),(1809,'2022-12-25',537),(1810,'2022-12-30',537),(1811,'2022-12-31',537),(1812,'2022-12-25',538),(1813,'2022-12-30',538),(1814,'2022-12-31',538),(1815,'2022-12-25',539),(1816,'2022-12-30',539),(1817,'2022-12-31',539),(1818,'2022-12-25',540),(1819,'2022-12-30',540),(1820,'2022-12-31',540),(1824,'2022-12-25',541),(1825,'2022-12-30',541),(1826,'2022-12-31',541),(1827,'2022-12-25',542),(1828,'2022-12-30',542),(1829,'2022-12-31',542),(1830,'2022-12-25',543),(1831,'2022-12-30',543),(1832,'2022-12-31',543),(1833,'2022-12-25',544),(1834,'2022-12-30',544),(1835,'2022-12-31',544),(1836,'2022-12-25',545),(1837,'2022-12-30',545),(1838,'2022-12-31',545),(1842,'2022-12-25',546),(1843,'2022-12-30',546),(1844,'2022-12-31',546),(1845,'2022-12-25',547),(1846,'2022-12-30',547),(1847,'2022-12-31',547),(1848,'2022-12-25',548),(1849,'2022-12-30',548),(1850,'2022-12-31',548),(1851,'2022-12-25',549),(1852,'2022-12-30',549),(1853,'2022-12-31',549),(1854,'2022-12-25',550),(1855,'2022-12-30',550),(1856,'2022-12-31',550),(1860,'2022-12-25',551),(1861,'2022-12-30',551),(1862,'2022-12-31',551),(1863,'2022-12-25',552),(1864,'2022-12-30',552),(1865,'2022-12-31',552),(1866,'2022-12-25',553),(1867,'2022-12-31',553),(1868,'2022-12-30',553),(1869,'2022-12-25',554),(1870,'2022-12-30',554),(1871,'2022-12-31',554),(1872,'2022-12-25',555),(1873,'2022-12-30',555),(1874,'2022-12-31',555),(1881,'2022-12-30',556),(1882,'2022-12-31',556),(1883,'2022-12-25',556),(1884,'2022-12-30',557),(1885,'2022-12-25',557),(1886,'2022-12-31',557),(1887,'2022-12-25',558),(1888,'2022-12-30',558),(1889,'2022-12-31',558),(1890,'2022-12-25',559),(1891,'2022-12-30',559),(1892,'2022-12-31',559),(1893,'2022-12-25',560),(1894,'2022-12-30',560),(1895,'2022-12-31',560),(1896,'2022-12-25',5),(1897,'2022-12-31',5),(1898,'2022-12-31',5);
/*!40000 ALTER TABLE `chiusura` ENABLE KEYS */;
UNLOCK TABLES;

--
-- Table structure for table `fattura`
--

DROP TABLE IF EXISTS `fattura`;
/*!40101 SET @saved_cs_client     = @@character_set_client */;
/*!50503 SET character_set_client = utf8mb4 */;
CREATE TABLE `fattura` (
  `idFattura` int(11) NOT NULL AUTO_INCREMENT,
  `intestatario` varchar(45) NOT NULL,
  `totalePagamento` decimal(4,2) NOT NULL,
  `dataRilascio` date NOT NULL,
  `statusFattura` varchar(45) NOT NULL,
  `richiesta` int(11) DEFAULT NULL,
  `prenotazione` int(11) DEFAULT NULL,
  PRIMARY KEY (`idFattura`),
  KEY `fk5_idx` (`richiesta`),
  KEY `fk6_idx` (`prenotazione`),
  CONSTRAINT `fk5` FOREIGN KEY (`richiesta`) REFERENCES `richiesta_tesseramento` (`idRichiesta_tesseramento`) ON DELETE CASCADE ON UPDATE CASCADE,
  CONSTRAINT `fk6` FOREIGN KEY (`prenotazione`) REFERENCES `prenotazione` (`idPrenotazione`) ON DELETE SET NULL ON UPDATE CASCADE
) ENGINE=InnoDB AUTO_INCREMENT=527 DEFAULT CHARSET=utf8mb4 COLLATE=utf8mb4_0900_ai_ci;
/*!40101 SET character_set_client = @saved_cs_client */;

--
-- Dumping data for table `fattura`
--

LOCK TABLES `fattura` WRITE;
/*!40000 ALTER TABLE `fattura` DISABLE KEYS */;
INSERT INTO `fattura` VALUES (328,'Matteo Scafa',5.00,'2022-01-18','Pagata',NULL,NULL),(331,'Matteo Scafa',5.00,'2022-01-18','Pagata',NULL,NULL),(334,'Matteo scafa',5.00,'2022-01-18','Pagata',NULL,NULL),(335,'Matteo scafa',5.00,'2022-01-18','Pagata',NULL,NULL),(336,'Matteo Scafa',5.00,'2022-01-18','Pagata',NULL,159),(337,'Matteo Scafa',5.00,'2022-01-18','Pagata',NULL,160),(338,'Matteo Scafa',5.00,'2022-01-18','Pagata',NULL,161),(339,'Matteo Scafa',5.00,'2022-01-18','Pagata',NULL,162),(340,'Matteo Scafa',5.00,'2022-01-18','Pagata',NULL,163),(341,'Matteo Scafa',5.00,'2022-01-18','Pagata',NULL,164),(342,'Matteo Scafa',5.00,'2022-01-18','Pagata',NULL,165),(343,'Matteo Scafa',5.00,'2022-01-18','Pagata',NULL,166),(344,'Matteo Scafa',5.00,'2022-01-18','Pagata',NULL,167),(345,'Matteo Scafa',5.00,'2022-01-18','Pagata',NULL,168),(346,'Matteo Scafa',5.00,'2022-01-18','Pagata',NULL,169),(347,'Matteo Scafa',5.00,'2022-01-18','Pagata',NULL,170),(348,'Matteo Scafa',5.00,'2022-01-18','Pagata',NULL,171),(349,'Matteo Scafa',5.00,'2022-01-18','Pagata',NULL,172),(350,'Matteo Scafa',5.00,'2022-01-18','Pagata',NULL,173),(351,'Matteo Scafa',5.00,'2022-01-18','Pagata',NULL,174),(352,'Matteo Scafa',5.00,'2022-01-18','Pagata',NULL,175),(353,'Matteo Scafa',5.00,'2022-01-18','Pagata',NULL,176),(354,'Matteo Scafa',5.00,'2022-01-18','Pagata',NULL,177),(355,'Matteo Scafa',5.00,'2022-01-18','Pagata',NULL,178),(356,'Matteo Scafa',5.00,'2022-01-18','Pagata',NULL,179),(357,'Matteo Scafa',5.00,'2022-01-18','Pagata',NULL,180),(358,'Matteo Scafa',5.00,'2022-01-18','Pagata',NULL,181),(359,'Matteo Scafa',5.00,'2022-01-18','Pagata',NULL,182),(360,'Matteo Scafa',5.00,'2022-01-18','Pagata',NULL,183),(361,'Matteo Scafa',5.00,'2022-01-18','Pagata',NULL,184),(362,'Matteo Scafa',5.00,'2022-01-18','Pagata',NULL,185),(363,'Matteo Scafa',5.00,'2022-01-18','Pagata',NULL,186),(364,'Matteo Scafa',5.00,'2022-01-18','Pagata',NULL,187),(369,'Matteo Scafa',5.00,'2022-01-18','Pagata',NULL,188),(372,'Matteo Scafa',5.00,'2022-01-18','Pagata',NULL,189),(375,'Matteo Scafa',5.00,'2022-01-18','Pagata',NULL,190),(378,'Matteo Scafa',5.00,'2022-01-18','Pagata',NULL,191),(381,'Matteo Scafa',5.00,'2022-01-18','Pagata',NULL,192),(384,'Matteo Scafa',5.00,'2022-01-18','Pagata',NULL,NULL),(387,'Matteo Scafa',5.00,'2022-01-18','Pagata',NULL,NULL),(390,'Matteo Scafa',5.00,'2022-01-18','Pagata',NULL,NULL),(393,'Matteo Scafa',5.00,'2022-01-18','Pagata',NULL,NULL),(396,'Matteo Scafa',5.00,'2022-01-18','Pagata',NULL,NULL),(399,'Matteo Scafa',5.00,'2022-01-18','Pagata',NULL,NULL),(402,'Matteo Scafa',5.00,'2022-01-18','Pagata',NULL,NULL),(405,'Matteo Scafa',5.00,'2022-01-18','Pagata',NULL,NULL),(408,'Matteo Scafa',5.00,'2022-01-18','Pagata',NULL,NULL),(411,'Matteo Scafa',5.00,'2022-01-18','Pagata',NULL,NULL),(414,'Matteo Scafa',5.00,'2022-01-18','Pagata',NULL,NULL),(417,'Matteo Scafa',5.00,'2022-01-18','Pagata',NULL,NULL),(420,'Matteo Scafa',5.00,'2022-01-18','Pagata',NULL,NULL),(423,'Matteo Scafa',5.00,'2022-01-18','Pagata',NULL,NULL),(426,'Matteo Scafa',5.00,'2022-01-18','Pagata',NULL,NULL),(429,'Matteo Scafa',5.00,'2022-01-18','Pagata',NULL,NULL),(434,'Matteo Scafa',5.00,'2022-01-19','Pagata',NULL,NULL),(435,'Matteo Scafa',5.00,'2022-01-19','Pagata',NULL,NULL),(436,'Matteo Scafa',5.00,'2022-01-19','Pagata',NULL,NULL),(437,'Matteo Scafa',5.00,'2022-01-19','Pagata',NULL,NULL),(440,'Matteo Scafa',5.00,'2022-01-19','Pagata',NULL,NULL),(443,'Matteo Scafa',5.00,'2022-01-19','Pagata',NULL,NULL),(446,'Matteo Scafa',5.00,'2022-01-19','Pagata',NULL,NULL),(449,'Matteo Scafa',5.00,'2022-01-19','Pagata',NULL,NULL),(452,'Matteo Scafa',5.00,'2022-01-19','Pagata',NULL,NULL),(455,'Matteo Scafa',5.00,'2022-01-19','Pagata',NULL,NULL),(458,'Matteo Scafa',5.00,'2022-01-19','Pagata',NULL,NULL),(461,'Matteo Scafa',5.00,'2022-01-19','Pagata',NULL,NULL),(466,'Matteo Scafa',5.00,'2022-01-19','Pagata',NULL,NULL),(469,'Matteo Scafa',5.00,'2022-01-19','Pagata',NULL,NULL),(472,'Matteo scafa',5.00,'2022-01-20','Pagata',NULL,NULL),(473,'Matteo Scafa',5.00,'2022-01-21','Pagata',NULL,NULL),(476,'Matteo Scafa',5.00,'2022-01-21','Pagata',NULL,NULL),(479,'Matteo Scafa',5.00,'2022-01-21','Pagata',NULL,NULL),(482,'Matteo Scafa',5.00,'2022-01-21','Pagata',NULL,NULL),(485,'Matteo Scafa',5.00,'2022-01-21','Pagata',NULL,NULL),(488,'Matteo Scafa',5.00,'2022-01-21','Pagata',NULL,NULL),(493,'Matteo Scafa',5.00,'2022-01-21','Pagata',NULL,NULL),(496,'Matteo Scafa',5.00,'2022-01-21','Pagata',NULL,NULL),(499,'Matteo Scafa',5.00,'2022-01-21','Pagata',NULL,NULL),(502,'Matteo Scafa',5.00,'2022-01-21','Pagata',NULL,NULL),(505,'Matteo Scafa',5.00,'2022-01-21','Pagata',NULL,NULL),(508,'Matteo Scafa',5.00,'2022-01-21','Pagata',NULL,NULL),(513,'Matteo Scafa',5.00,'2022-01-21','Pagata',NULL,236),(516,'Matteo Scafa',5.00,'2022-01-21','Pagata',NULL,237),(519,'Peppe Socks',12.00,'2022-01-21','Pagata',340,NULL),(521,'Matteo Scafa',5.00,'2022-01-22','Pagata',NULL,238),(524,'Matteo Scafa',5.00,'2022-01-22','Pagata',NULL,239);
/*!40000 ALTER TABLE `fattura` ENABLE KEYS */;
UNLOCK TABLES;

--
-- Table structure for table `prenotazione`
--

DROP TABLE IF EXISTS `prenotazione`;
/*!40101 SET @saved_cs_client     = @@character_set_client */;
/*!50503 SET character_set_client = utf8mb4 */;
CREATE TABLE `prenotazione` (
  `idPrenotazione` int(11) NOT NULL AUTO_INCREMENT,
  `dataPrenotazione` date NOT NULL,
  `oraInizio` time NOT NULL,
  `oraFine` time NOT NULL,
  `totalePagato` decimal(4,2) NOT NULL,
  `utente` int(11) NOT NULL,
  `struttura` int(11) NOT NULL,
  PRIMARY KEY (`idPrenotazione`),
  KEY `fk2_idx` (`utente`),
  KEY `fk3_idx` (`struttura`),
  CONSTRAINT `fk2` FOREIGN KEY (`utente`) REFERENCES `utente` (`idUtente`) ON DELETE CASCADE ON UPDATE CASCADE,
  CONSTRAINT `fk3` FOREIGN KEY (`struttura`) REFERENCES `struttura` (`idStruttura`) ON DELETE CASCADE ON UPDATE CASCADE
) ENGINE=InnoDB AUTO_INCREMENT=240 DEFAULT CHARSET=utf8mb4 COLLATE=utf8mb4_0900_ai_ci;
/*!40101 SET character_set_client = @saved_cs_client */;

--
-- Dumping data for table `prenotazione`
--

LOCK TABLES `prenotazione` WRITE;
/*!40000 ALTER TABLE `prenotazione` DISABLE KEYS */;
INSERT INTO `prenotazione` VALUES (74,'2022-01-22','17:49:00','18:49:00',5.00,1,3),(75,'2022-04-30','10:00:00','11:00:00',5.00,1,1),(102,'2022-03-23','11:00:00','12:00:00',5.00,1,1),(115,'2022-04-30','18:00:00','19:00:00',5.00,3,3),(123,'2022-02-25','18:00:00','19:00:00',3.50,11,3),(124,'2022-02-25','20:00:00','21:00:00',3.50,11,3),(136,'2022-04-30','11:00:00','12:00:00',5.00,3,3),(159,'2022-05-30','10:00:00','11:00:00',5.00,1,1),(160,'2022-05-30','10:00:00','11:00:00',5.00,1,1),(161,'2022-05-30','10:00:00','11:00:00',5.00,1,1),(162,'2022-05-30','10:00:00','11:00:00',5.00,1,1),(163,'2022-05-30','10:00:00','11:00:00',5.00,1,1),(164,'2022-05-30','10:00:00','11:00:00',5.00,1,1),(165,'2022-05-30','10:00:00','11:00:00',5.00,1,1),(166,'2022-05-30','10:00:00','11:00:00',5.00,1,1),(167,'2022-05-30','10:00:00','11:00:00',5.00,1,1),(168,'2022-05-30','10:00:00','11:00:00',5.00,1,1),(169,'2022-05-30','10:00:00','11:00:00',5.00,1,1),(170,'2022-05-30','10:00:00','11:00:00',5.00,1,1),(171,'2022-05-30','10:00:00','11:00:00',5.00,1,1),(172,'2022-05-30','10:00:00','11:00:00',5.00,1,1),(173,'2022-05-30','10:00:00','11:00:00',5.00,1,1),(174,'2022-05-30','10:00:00','11:00:00',5.00,1,1),(175,'2022-05-30','10:00:00','11:00:00',5.00,1,1),(176,'2022-05-30','10:00:00','11:00:00',5.00,1,1),(177,'2022-05-30','10:00:00','11:00:00',5.00,1,1),(178,'2022-05-30','10:00:00','11:00:00',5.00,1,1),(179,'2022-05-30','10:00:00','11:00:00',5.00,1,1),(180,'2022-05-30','10:00:00','11:00:00',5.00,1,1),(181,'2022-05-30','10:00:00','11:00:00',5.00,1,1),(182,'2022-05-30','10:00:00','11:00:00',5.00,1,1),(183,'2022-05-30','10:00:00','11:00:00',5.00,1,1),(184,'2022-05-30','10:00:00','11:00:00',5.00,1,1),(185,'2022-05-30','10:00:00','11:00:00',5.00,1,1),(186,'2022-05-30','10:00:00','11:00:00',5.00,1,1),(187,'2022-05-30','10:00:00','11:00:00',5.00,1,1),(188,'2022-05-30','10:00:00','11:00:00',5.00,1,1),(189,'2022-05-30','10:00:00','11:00:00',5.00,1,1),(190,'2022-05-30','10:00:00','11:00:00',5.00,1,1),(191,'2022-05-30','10:00:00','11:00:00',5.00,1,1),(192,'2022-05-30','10:00:00','11:00:00',5.00,1,1),(236,'2022-05-30','10:00:00','11:00:00',5.00,1,1),(237,'2022-05-30','10:00:00','11:00:00',5.00,1,1),(238,'2022-05-30','10:00:00','11:00:00',5.00,1,1),(239,'2022-05-30','10:00:00','11:00:00',5.00,1,1);
/*!40000 ALTER TABLE `prenotazione` ENABLE KEYS */;
UNLOCK TABLES;

--
-- Table structure for table `richiesta_tesseramento`
--

DROP TABLE IF EXISTS `richiesta_tesseramento`;
/*!40101 SET @saved_cs_client     = @@character_set_client */;
/*!50503 SET character_set_client = utf8mb4 */;
CREATE TABLE `richiesta_tesseramento` (
  `idRichiesta_tesseramento` int(11) NOT NULL AUTO_INCREMENT,
  `dataRichiesta` date NOT NULL,
  `tipologiaTesseramento` varchar(45) NOT NULL,
  `statusRichiesta` varchar(45) NOT NULL,
  `prezzoTesseramento` decimal(4,2) NOT NULL,
  `certificatoAllegatoPath` varchar(200) NOT NULL,
  `utente` int(11) NOT NULL,
  PRIMARY KEY (`idRichiesta_tesseramento`),
  KEY `fk1_idx` (`utente`),
  CONSTRAINT `fk1` FOREIGN KEY (`utente`) REFERENCES `utente` (`idUtente`) ON UPDATE CASCADE
) ENGINE=InnoDB AUTO_INCREMENT=346 DEFAULT CHARSET=utf8mb4 COLLATE=utf8mb4_0900_ai_ci;
/*!40101 SET character_set_client = @saved_cs_client */;

--
-- Dumping data for table `richiesta_tesseramento`
--

LOCK TABLES `richiesta_tesseramento` WRITE;
/*!40000 ALTER TABLE `richiesta_tesseramento` DISABLE KEYS */;
INSERT INTO `richiesta_tesseramento` VALUES (1,'2021-12-10','Interno','Completata',12.00,'/',2),(5,'2022-01-07','Interno','Effettuata',12.00,'/static/richieste_tesseramento/1',1),(13,'2022-01-07','Interno','Effettuata',12.00,'/',4),(340,'2022-01-21','Interno','Eseguita',12.00,'/static/richieste_tesseramento/11',11);
/*!40000 ALTER TABLE `richiesta_tesseramento` ENABLE KEYS */;
UNLOCK TABLES;

--
-- Table structure for table `struttura`
--

DROP TABLE IF EXISTS `struttura`;
/*!40101 SET @saved_cs_client     = @@character_set_client */;
/*!50503 SET character_set_client = utf8mb4 */;
CREATE TABLE `struttura` (
  `idStruttura` int(11) NOT NULL AUTO_INCREMENT,
  `nome` varchar(45) NOT NULL,
  `prezzoPerFascia` decimal(4,2) NOT NULL,
  `durataPerFascia` int(11) NOT NULL,
  `capacitaPerFascia` int(11) NOT NULL,
  `isCancellata` tinyint(4) NOT NULL DEFAULT '0',
  `oraInizioMattina` time NOT NULL,
  `oraFineMattina` time NOT NULL,
  `oraInizioPomeriggio` time NOT NULL,
  `oraFinePomeriggio` time NOT NULL,
  `dataInizioDisponibilita` date NOT NULL,
  PRIMARY KEY (`idStruttura`)
) ENGINE=InnoDB AUTO_INCREMENT=561 DEFAULT CHARSET=utf8mb4 COLLATE=utf8mb4_0900_ai_ci;
/*!40101 SET character_set_client = @saved_cs_client */;

--
-- Dumping data for table `struttura`
--

LOCK TABLES `struttura` WRITE;
/*!40000 ALTER TABLE `struttura` DISABLE KEYS */;
INSERT INTO `struttura` VALUES (1,'Campo da Tennis',5.00,1,500,0,'09:00:00','13:00:00','15:00:00','18:00:00','2021-12-24'),(2,'Campo da Pallavolo',4.50,2,999,0,'09:00:00','13:00:00','14:00:00','19:00:00','2021-12-24'),(3,'Campo da Calcio',3.50,1,1,0,'09:00:00','13:00:00','14:00:00','21:00:00','2021-12-24'),(4,'Campo da basket',20.00,1,30,0,'07:00:00','12:00:00','14:00:00','21:00:00','2022-07-20'),(5,'Campo da basket',20.00,1,30,0,'07:00:00','12:00:00','14:00:00','21:00:00','2022-07-20'),(6,'Campo da basket',20.00,1,30,0,'11:00:00','12:00:00','12:30:00','20:30:00','2022-07-20'),(7,'Campo da basket',20.00,1,30,0,'11:00:00','12:00:00','12:01:00','20:30:00','2022-07-20'),(8,'Campo da basket',20.00,1,30,0,'11:00:00','12:00:00','12:01:00','20:30:00','2022-07-20'),(9,'Campo da basket',20.00,1,30,0,'11:00:00','12:00:00','12:01:00','20:30:00','2022-07-20'),(10,'Campo da basket',20.00,1,30,0,'11:00:00','12:00:00','12:30:00','20:30:00','2022-07-20'),(11,'Campo da basket',20.00,1,30,1,'09:00:00','12:00:00','12:30:00','20:30:00','2022-07-20'),(12,'Campo da basket',20.00,1,30,1,'07:00:00','12:00:00','14:00:00','21:00:00','2022-07-20'),(13,'Campo da basket',20.00,1,30,0,'09:00:00','12:00:00','12:45:00','20:45:00','2022-07-20'),(14,'Campo da basket',20.00,2,30,1,'09:00:00','13:00:00','14:45:00','20:45:00','2022-07-20'),(15,'Campo da basket',20.00,3,30,0,'07:00:00','13:00:00','14:45:00','20:45:00','2022-07-20'),(16,'Campo da basket',20.00,3,30,0,'09:00:00','12:00:00','14:45:00','20:45:00','2022-07-20'),(17,'Campo da basket',20.00,1,30,0,'07:00:00','12:00:00','14:00:00','21:00:00','2022-07-20'),(18,'Campo da basket',20.00,1,30,0,'07:15:00','12:15:00','14:00:00','21:00:00','2022-07-20'),(19,'Campo da basket',20.00,2,30,0,'07:45:00','13:45:00','14:00:00','20:00:00','2022-07-20'),(20,'Campo da basket',20.00,2,30,0,'07:45:00','13:45:00','14:45:00','20:45:00','2022-07-20'),(21,'Campo da basket',20.00,1,30,0,'07:00:00','12:00:00','14:00:00','21:00:00','2022-07-20'),(22,'Campo da basket',20.00,1,30,0,'07:15:00','12:15:00','14:00:00','21:00:00','2022-07-20'),(23,'Campo da basket',20.00,2,30,0,'07:45:00','13:45:00','14:00:00','20:00:00','2022-07-20'),(24,'Campo da basket',20.00,2,30,0,'07:45:00','13:45:00','14:45:00','20:45:00','2022-07-20'),(25,'Campo da basket',20.00,3,30,0,'07:00:00','13:00:00','13:30:00','19:30:00','2022-07-20'),(26,'Campo da basket',20.00,1,30,0,'07:00:00','12:00:00','14:00:00','21:00:00','2022-07-20'),(27,'Campo da basket',20.00,1,30,0,'07:15:00','12:15:00','14:00:00','21:00:00','2022-07-20'),(28,'Campo da basket',20.00,2,30,0,'07:45:00','13:45:00','14:00:00','20:00:00','2022-07-20'),(29,'Campo da basket',20.00,2,30,0,'07:45:00','13:45:00','14:45:00','20:45:00','2022-07-20'),(30,'Campo da basket',20.00,3,30,0,'07:00:00','13:00:00','13:30:00','19:30:00','2022-07-20'),(31,'Campo da basket',20.00,1,30,0,'07:00:00','12:00:00','14:00:00','21:00:00','2022-07-20'),(32,'Campo da basket',20.00,1,30,0,'07:15:00','12:15:00','14:00:00','21:00:00','2022-07-20'),(33,'Campo da basket',20.00,2,30,0,'07:45:00','13:45:00','14:00:00','20:00:00','2022-07-20'),(34,'Campo da basket',20.00,2,30,0,'07:45:00','13:45:00','14:45:00','20:45:00','2022-07-20'),(35,'Campo da basket',20.00,3,30,0,'07:00:00','13:00:00','13:30:00','19:30:00','2022-07-20'),(36,'Campo da basket',20.00,1,30,0,'07:00:00','12:00:00','14:00:00','21:00:00','2022-07-20'),(37,'Campo da basket',20.00,1,30,0,'07:15:00','12:15:00','14:00:00','21:00:00','2022-07-20'),(38,'Campo da basket',20.00,2,30,0,'07:45:00','13:45:00','14:00:00','20:00:00','2022-07-20'),(40,'Campo da basket',20.00,3,30,0,'07:00:00','13:00:00','13:30:00','19:30:00','2022-07-20'),(41,'Campo da basket',20.00,1,30,0,'07:00:00','12:00:00','14:00:00','21:00:00','2022-07-20'),(42,'Campo da basket',20.00,1,30,0,'07:15:00','12:15:00','14:00:00','21:00:00','2022-07-20'),(44,'Campo da basket',20.00,2,30,0,'07:45:00','13:45:00','14:45:00','20:45:00','2022-07-20'),(45,'Campo da basket',20.00,3,30,0,'07:00:00','13:00:00','13:30:00','19:30:00','2022-07-20'),(46,'Campo da basket',20.00,1,30,0,'07:00:00','12:00:00','14:00:00','21:00:00','2022-07-20'),(461,'Campo da basket',20.00,1,30,0,'07:00:00','12:00:00','14:00:00','21:00:00','2069-07-20'),(462,'Campo da basket',20.00,1,30,0,'07:15:00','12:15:00','14:00:00','21:00:00','2079-07-20'),(463,'Campo da basket',20.00,2,30,0,'07:45:00','13:45:00','14:00:00','20:00:00','2071-07-20'),(464,'Campo da basket',20.00,2,30,0,'07:45:00','13:45:00','14:45:00','20:45:00','2072-07-20'),(466,'Campo da basket',20.00,1,30,0,'07:00:00','12:00:00','14:00:00','21:00:00','2069-07-20'),(467,'Campo da basket',20.00,1,30,0,'07:15:00','12:15:00','14:00:00','21:00:00','2079-07-20'),(468,'Campo da basket',20.00,2,30,0,'07:45:00','13:45:00','14:00:00','20:00:00','2071-07-20'),(469,'Campo da basket',20.00,2,30,0,'07:45:00','13:45:00','14:45:00','20:45:00','2072-07-20'),(470,'Campo da basket',20.00,3,30,0,'07:00:00','13:00:00','13:30:00','19:30:00','2073-07-20'),(471,'Campo da basket',20.00,1,30,0,'07:00:00','12:00:00','14:00:00','21:00:00','2069-07-20'),(472,'Campo da basket',20.00,1,30,0,'07:15:00','12:15:00','14:00:00','21:00:00','2079-07-20'),(473,'Campo da basket',20.00,2,30,0,'07:45:00','13:45:00','14:00:00','20:00:00','2071-07-20'),(474,'Campo da basket',20.00,2,30,0,'07:45:00','13:45:00','14:45:00','20:45:00','2072-07-20'),(475,'Campo da basket',20.00,3,30,0,'07:00:00','13:00:00','13:30:00','19:30:00','2073-07-20'),(476,'Campo da basket',20.00,1,30,0,'07:00:00','12:00:00','14:00:00','21:00:00','2069-07-20'),(477,'Campo da basket',20.00,1,30,0,'07:15:00','12:15:00','14:00:00','21:00:00','2079-07-20'),(478,'Campo da basket',20.00,2,30,0,'07:45:00','13:45:00','14:00:00','20:00:00','2071-07-20'),(479,'Campo da basket',20.00,2,30,0,'07:45:00','13:45:00','14:45:00','20:45:00','2072-07-20'),(480,'Campo da basket',20.00,3,30,0,'07:00:00','13:00:00','13:30:00','19:30:00','2073-07-20'),(481,'Campo da basket',20.00,1,30,0,'07:00:00','12:00:00','14:00:00','21:00:00','2069-07-20'),(482,'Campo da basket',20.00,1,30,0,'07:15:00','12:15:00','14:00:00','21:00:00','2079-07-20'),(483,'Campo da basket',20.00,2,30,0,'07:45:00','13:45:00','14:00:00','20:00:00','2071-07-20'),(484,'Campo da basket',20.00,2,30,0,'07:45:00','13:45:00','14:45:00','20:45:00','2072-07-20'),(485,'Campo da basket',20.00,3,30,0,'07:00:00','13:00:00','13:30:00','19:30:00','2073-07-20'),(486,'Campo da basket',20.00,1,30,0,'07:00:00','12:00:00','14:00:00','21:00:00','2069-07-20'),(487,'Campo da basket',20.00,1,30,0,'07:15:00','12:15:00','14:00:00','21:00:00','2079-07-20'),(488,'Campo da basket',20.00,2,30,0,'07:45:00','13:45:00','14:00:00','20:00:00','2071-07-20'),(489,'Campo da basket',20.00,2,30,0,'07:45:00','13:45:00','14:45:00','20:45:00','2072-07-20'),(490,'Campo da basket',20.00,3,30,0,'07:00:00','13:00:00','13:30:00','19:30:00','2073-07-20'),(491,'Campo da basket',20.00,1,30,0,'07:00:00','12:00:00','14:00:00','21:00:00','2069-07-20'),(492,'Campo da basket',20.00,1,30,0,'07:15:00','12:15:00','14:00:00','21:00:00','2079-07-20'),(493,'Campo da basket',20.00,2,30,0,'07:45:00','13:45:00','14:00:00','20:00:00','2071-07-20'),(494,'Campo da basket',20.00,2,30,0,'07:45:00','13:45:00','14:45:00','20:45:00','2072-07-20'),(495,'Campo da basket',20.00,3,30,0,'07:00:00','13:00:00','13:30:00','19:30:00','2073-07-20'),(496,'Campo da basket',20.00,1,30,0,'07:00:00','12:00:00','14:00:00','21:00:00','2069-07-20'),(497,'Campo da basket',20.00,1,30,0,'07:15:00','12:15:00','14:00:00','21:00:00','2079-07-20'),(498,'Campo da basket',20.00,2,30,0,'07:45:00','13:45:00','14:00:00','20:00:00','2071-07-20'),(499,'Campo da basket',20.00,2,30,0,'07:45:00','13:45:00','14:45:00','20:45:00','2072-07-20'),(500,'Campo da basket',20.00,3,30,0,'07:00:00','13:00:00','13:30:00','19:30:00','2073-07-20'),(501,'Campo da basket',20.00,1,30,0,'07:00:00','12:00:00','14:00:00','21:00:00','2069-07-20'),(502,'Campo da basket',20.00,1,30,0,'07:15:00','12:15:00','14:00:00','21:00:00','2079-07-20'),(503,'Campo da basket',20.00,2,30,0,'07:45:00','13:45:00','14:00:00','20:00:00','2071-07-20'),(504,'Campo da basket',20.00,2,30,0,'07:45:00','13:45:00','14:45:00','20:45:00','2072-07-20'),(505,'Campo da basket',20.00,3,30,0,'07:00:00','13:00:00','13:30:00','19:30:00','2073-07-20'),(506,'Campo da basket',20.00,1,30,0,'07:00:00','12:00:00','14:00:00','21:00:00','2069-07-20'),(507,'Campo da basket',20.00,1,30,0,'07:15:00','12:15:00','14:00:00','21:00:00','2079-07-20'),(508,'Campo da basket',20.00,2,30,0,'07:45:00','13:45:00','14:00:00','20:00:00','2071-07-20'),(509,'Campo da basket',20.00,2,30,0,'07:45:00','13:45:00','14:45:00','20:45:00','2072-07-20'),(510,'Campo da basket',20.00,3,30,0,'07:00:00','13:00:00','13:30:00','19:30:00','2073-07-20'),(511,'Campo da basket',20.00,1,30,0,'07:00:00','12:00:00','14:00:00','21:00:00','2069-07-20'),(512,'Campo da basket',20.00,1,30,0,'07:15:00','12:15:00','14:00:00','21:00:00','2079-07-20'),(513,'Campo da basket',20.00,2,30,0,'07:45:00','13:45:00','14:00:00','20:00:00','2071-07-20'),(514,'Campo da basket',20.00,2,30,0,'07:45:00','13:45:00','14:45:00','20:45:00','2072-07-20'),(515,'Campo da basket',20.00,3,30,0,'07:00:00','13:00:00','13:30:00','19:30:00','2073-07-20'),(516,'Campo da basket',20.00,1,30,0,'07:00:00','12:00:00','14:00:00','21:00:00','2069-07-20'),(517,'Campo da basket',20.00,1,30,0,'07:15:00','12:15:00','14:00:00','21:00:00','2079-07-20'),(518,'Campo da basket',20.00,2,30,0,'07:45:00','13:45:00','14:00:00','20:00:00','2071-07-20'),(519,'Campo da basket',20.00,2,30,0,'07:45:00','13:45:00','14:45:00','20:45:00','2072-07-20'),(520,'Campo da basket',20.00,3,30,0,'07:00:00','13:00:00','13:30:00','19:30:00','2073-07-20'),(521,'Campo da basket',20.00,1,30,0,'07:00:00','12:00:00','14:00:00','21:00:00','2069-07-20'),(522,'Campo da basket',20.00,1,30,0,'07:15:00','12:15:00','14:00:00','21:00:00','2079-07-20'),(523,'Campo da basket',20.00,1,30,0,'07:00:00','12:00:00','14:00:00','21:00:00','2022-07-20'),(524,'Campo da basket',20.00,2,30,0,'07:45:00','13:45:00','14:45:00','20:45:00','2072-07-20'),(525,'Campo da basket',20.00,3,30,0,'07:00:00','13:00:00','13:30:00','19:30:00','2073-07-20'),(526,'Campo da basket',20.00,1,30,0,'07:00:00','12:00:00','14:00:00','21:00:00','2069-07-20'),(527,'Campo da basket',20.00,1,30,0,'07:15:00','12:15:00','14:00:00','21:00:00','2079-07-20'),(528,'Campo da basket',20.00,2,30,0,'07:45:00','13:45:00','14:00:00','20:00:00','2071-07-20'),(529,'Campo da basket',20.00,2,30,0,'07:45:00','13:45:00','14:45:00','20:45:00','2072-07-20'),(530,'Campo da basket',20.00,3,30,0,'07:00:00','13:00:00','13:30:00','19:30:00','2073-07-20'),(531,'Campo da basket',20.00,1,30,0,'07:00:00','12:00:00','14:00:00','21:00:00','2069-07-20'),(532,'Campo da basket',20.00,1,30,0,'07:15:00','12:15:00','14:00:00','21:00:00','2079-07-20'),(533,'Campo da basket',20.00,2,30,0,'07:45:00','13:45:00','14:00:00','20:00:00','2071-07-20'),(534,'Campo da basket',20.00,2,30,0,'07:45:00','13:45:00','14:45:00','20:45:00','2072-07-20'),(535,'Campo da basket',20.00,3,30,0,'07:00:00','13:00:00','13:30:00','19:30:00','2073-07-20'),(536,'Campo da basket',20.00,1,30,0,'07:00:00','12:00:00','14:00:00','21:00:00','2069-07-20'),(537,'Campo da basket',20.00,1,30,0,'07:15:00','12:15:00','14:00:00','21:00:00','2079-07-20'),(538,'Campo da basket',20.00,2,30,0,'07:45:00','13:45:00','14:00:00','20:00:00','2071-07-20'),(539,'Campo da basket',20.00,2,30,0,'07:45:00','13:45:00','14:45:00','20:45:00','2072-07-20'),(540,'Campo da basket',20.00,3,30,0,'07:00:00','13:00:00','13:30:00','19:30:00','2073-07-20'),(541,'Campo da basket',20.00,1,30,0,'07:00:00','12:00:00','14:00:00','21:00:00','2069-07-20'),(542,'Campo da basket',20.00,1,30,0,'07:15:00','12:15:00','14:00:00','21:00:00','2079-07-20'),(543,'Campo da basket',20.00,2,30,0,'07:45:00','13:45:00','14:00:00','20:00:00','2071-07-20'),(544,'Campo da basket',20.00,2,30,0,'07:45:00','13:45:00','14:45:00','20:45:00','2072-07-20'),(545,'Campo da basket',20.00,3,30,0,'07:00:00','13:00:00','13:30:00','19:30:00','2073-07-20'),(546,'Campo da basket',20.00,1,30,0,'07:00:00','12:00:00','14:00:00','21:00:00','2069-07-20'),(547,'Campo da basket',20.00,1,30,0,'07:15:00','12:15:00','14:00:00','21:00:00','2079-07-20'),(548,'Campo da basket',20.00,2,30,0,'07:45:00','13:45:00','14:00:00','20:00:00','2071-07-20'),(549,'Campo da basket',20.00,2,30,0,'07:45:00','13:45:00','14:45:00','20:45:00','2072-07-20'),(550,'Campo da basket',20.00,3,30,0,'07:00:00','13:00:00','13:30:00','19:30:00','2073-07-20'),(551,'Campo da basket',20.00,1,30,0,'07:00:00','12:00:00','14:00:00','21:00:00','2069-07-20'),(552,'Campo da basket',20.00,1,30,0,'07:15:00','12:15:00','14:00:00','21:00:00','2079-07-20'),(553,'Campo da basket',20.00,2,30,0,'07:45:00','13:45:00','14:00:00','20:00:00','2071-07-20'),(554,'Campo da basket',20.00,2,30,0,'07:45:00','13:45:00','14:45:00','20:45:00','2072-07-20'),(555,'Campo da basket',20.00,3,30,0,'07:00:00','13:00:00','13:30:00','19:30:00','2073-07-20'),(556,'Campo da basket',20.00,1,30,0,'07:00:00','12:00:00','14:00:00','21:00:00','2069-07-20'),(557,'Campo da basket',20.00,1,30,0,'07:15:00','12:15:00','14:00:00','21:00:00','2079-07-20'),(558,'Campo da basket',20.00,2,30,0,'07:45:00','13:45:00','14:00:00','20:00:00','2071-07-20'),(559,'Campo da basket',20.00,2,30,0,'07:45:00','13:45:00','14:45:00','20:45:00','2072-07-20'),(560,'Campo da basket',20.00,3,30,0,'07:00:00','13:00:00','13:30:00','19:30:00','2073-07-20');
/*!40000 ALTER TABLE `struttura` ENABLE KEYS */;
UNLOCK TABLES;

--
-- Table structure for table `utente`
--

DROP TABLE IF EXISTS `utente`;
/*!40101 SET @saved_cs_client     = @@character_set_client */;
/*!50503 SET character_set_client = utf8mb4 */;
CREATE TABLE `utente` (
  `idUtente` int(11) NOT NULL AUTO_INCREMENT,
  `codiceFiscale` varchar(45) NOT NULL,
  `nome` varchar(45) NOT NULL,
  `cognome` varchar(45) NOT NULL,
  `email` varchar(45) NOT NULL,
  `password` mediumtext NOT NULL,
  `dataNascita` date NOT NULL,
  `indirizzoResidenza` varchar(45) NOT NULL,
  `numeroTelefono` varchar(45) NOT NULL,
  `nazionalita` varchar(45) NOT NULL,
  `isAdmin` tinyint(4) DEFAULT '0',
  `isCancellato` tinyint(4) DEFAULT '0',
  `tokenRecuperoPassword` mediumtext,
  `dataScadenzaTokenRP` date DEFAULT NULL,
  `isTesserato` tinyint(4) DEFAULT '0',
  PRIMARY KEY (`idUtente`),
  UNIQUE KEY `codiceFiscale_UNIQUE` (`codiceFiscale`),
  UNIQUE KEY `email_UNIQUE` (`email`)
) ENGINE=InnoDB AUTO_INCREMENT=171 DEFAULT CHARSET=utf8mb4 COLLATE=utf8mb4_0900_ai_ci;
/*!40101 SET character_set_client = @saved_cs_client */;

--
-- Dumping data for table `utente`
--

LOCK TABLES `utente` WRITE;
/*!40000 ALTER TABLE `utente` DISABLE KEYS */;
INSERT INTO `utente` VALUES (1,'TTORMN80C20G039H','Erminio','Ottone','erminio@gmail.com','3fc03eaad57a7cf84415c6012efc4fa16b99499e1ec89c96d12ac76c31e20f522438290a446d62c9e693825396cea7dc3558c49c05d4d4697e70e740c9c63ff0','1980-03-20','Via Carmine, 43','3334567890','Italia',0,0,NULL,NULL,1),(2,'RSSGNN78G12H703G','Gianni','Russo','gianni@gmail.com','3fc03eaad57a7cf84415c6012efc4fa16b99499e1ec89c96d12ac76c31e20f522438290a446d62c9e693825396cea7dc3558c49c05d4d4697e70e740c9c63ff0','1978-06-12','Via Rosati, 3','3456789123','Italia',0,0,NULL,NULL,1),(3,'TTRMRL12B43J902Z','Marilina','Tortora','lina@gmail.com','8450eca01665516d9aeb5317764902b78495502637c96192c81b1683d32d691a0965cf037feca8b9ed9ee6fc6ab8f27fce8f77c4fd9b4a442a00fc317b8237e6','1990-02-12','Via Roncato, 23','3345678419','Italia',1,0,NULL,NULL,0),(4,'CSTMRZ40B23H703N','Maurizio','Costanzo','maurizio@gmail.com','3fc03eaad57a7cf84415c6012efc4fa16b99499e1ec89c96d12ac76c31e20f522438290a446d62c9e693825396cea7dc3558c49c05d4d4697e70e740c9c63ff0','1940-02-23','Via del Collo, 22','3344545673','Italia',0,0,NULL,NULL,0),(5,'CVLDNT86S12K865G','Gianni Alfonso','Bottiglieri','donato@gmail.com','3fc03eaad57a7cf84415c6012efc4fa16b99499e1ec89c96d12ac76c31e20f522438290a446d62c9e693825396cea7dc3558c49c05d4d4697e70e740c9c63ff0','1990-12-12','Via Palmieri, 22','3333333333','Italia',0,1,NULL,NULL,0),(8,'DLLAAT80A01A509R','Matteo','Della Rocca','deleeeeeel@gmail.com','b2a8e225b0550aebaa7eb7b4e2948287c433288d041cb880771b82f4da5575298f595d48d843b28c4d6864c82f8738dabd788c505f86bc1f20d5e0d9a0051517','1999-01-02','Via CCCC','3277728490','italia',0,0,NULL,NULL,0),(10,'DVDSST80A01A509R','hasubbbaa','Bottiglieri','jovelak228@whecode.com','b2a8e225b0550aebaa7eb7b4e2948287c433288d041cb880771b82f4da5575298f595d48d843b28c4d6864c82f8738dabd788c505f86bc1f20d5e0d9a0051517','2022-01-02','Via CCCC','3277728490','italia',0,0,'f912d68dad4a6174afcf488c96304dee7159ac8b9a31cab9895b62f5ef353d964b1d4a4f7a372057e51d5e53931cbbb9b9aec2f3ae729879aa0488f603c952c9','2022-01-08',0),(11,'DVDGST80A01A509R','Gianni Alfonso','Bottiglieri','dellarocca16@gmail.com','b01a646ba766b4fc33d539e8ac89babbabb31841ec777b891f39a30154381f1b5beb76b84be66c3f410325fd7c7d04c1797075139b6e83a45ce2fc0ec9e4014f','2020-02-28','Via Ros!ti, 45','1111111111','italia',0,0,NULL,NULL,0),(13,'DVDGST80A01A509M','Gianni','Morandi','dellarcca16@gmail.com','b2a8e225b0550aebaa7eb7b4e2948287c433288d041cb880771b82f4da5575298f595d48d843b28c4d6864c82f8738dabd788c505f86bc1f20d5e0d9a0051517','2020-02-28','Via Ros!ti, 45','1111111111','italia',0,0,NULL,NULL,0),(14,'DSDGST80A01A509R','Gianni','Morandi','dellarscca16@gmail.com','b2a8e225b0550aebaa7eb7b4e2948287c433288d041cb880771b82f4da5575298f595d48d843b28c4d6864c82f8738dabd788c505f86bc1f20d5e0d9a0051517','2020-02-28','Via Ros!ti, 45','1111111111','italia',0,0,NULL,NULL,0),(20,'ANNANANANNANAA','Anna','Falchi','annaf@munnez.it','b2a8e225b0550aebaa7eb7b4e2948287c433288d041cb880771b82f4da5575298f595d48d843b28c4d6864c82f8738dabd788c505f86bc1f20d5e0d9a0051517','2022-01-02','Via CCCC','3277728490','italia',0,1,'f912d68dad4a6174afcf488c96304dee7159ac8b9a31cab9895b62f5ef353d964b1d4a4f7a372057e51d5e53931cbbb9b9aec2f3ae729879aa0488f603c952c9','2022-01-08',0),(168,'DVDGST80A01A509P','Kroksal','Baba','dellasd@gmail.com','b2a8e225b0550aebaa7eb7b4e2948287c433288d041cb880771b82f4da5575298f595d48d843b28c4d6864c82f8738dabd788c505f86bc1f20d5e0d9a0051517','2020-02-28','Via Ros!ti, 45','1111111111','italia',0,0,NULL,NULL,0);
/*!40000 ALTER TABLE `utente` ENABLE KEYS */;
UNLOCK TABLES;
/*!40103 SET TIME_ZONE=@OLD_TIME_ZONE */;

/*!40101 SET SQL_MODE=@OLD_SQL_MODE */;
/*!40014 SET FOREIGN_KEY_CHECKS=@OLD_FOREIGN_KEY_CHECKS */;
/*!40014 SET UNIQUE_CHECKS=@OLD_UNIQUE_CHECKS */;
/*!40101 SET CHARACTER_SET_CLIENT=@OLD_CHARACTER_SET_CLIENT */;
/*!40101 SET CHARACTER_SET_RESULTS=@OLD_CHARACTER_SET_RESULTS */;
/*!40101 SET COLLATION_CONNECTION=@OLD_COLLATION_CONNECTION */;
/*!40111 SET SQL_NOTES=@OLD_SQL_NOTES */;

-- Dump completed on 2022-01-22 16:57:37
