CREATE DATABASE  IF NOT EXISTS `unifit` /*!40100 DEFAULT CHARACTER SET utf8 */ /*!80016 DEFAULT ENCRYPTION='N' */;
USE `unifit`;
-- MySQL dump 10.13  Distrib 8.0.18, for Win64 (x86_64)
--
-- Host: localhost    Database: unifit
-- ------------------------------------------------------
-- Server version	8.0.18

/*!40101 SET @OLD_CHARACTER_SET_CLIENT=@@CHARACTER_SET_CLIENT */;
/*!40101 SET @OLD_CHARACTER_SET_RESULTS=@@CHARACTER_SET_RESULTS */;
/*!40101 SET @OLD_COLLATION_CONNECTION=@@COLLATION_CONNECTION */;
/*!50503 SET NAMES utf8 */;
/*!40103 SET @OLD_TIME_ZONE=@@TIME_ZONE */;
/*!40103 SET TIME_ZONE='+00:00' */;
/*!40014 SET @OLD_UNIQUE_CHECKS=@@UNIQUE_CHECKS, UNIQUE_CHECKS=0 */;
/*!40014 SET @OLD_FOREIGN_KEY_CHECKS=@@FOREIGN_KEY_CHECKS, FOREIGN_KEY_CHECKS=0 */;
/*!40101 SET @OLD_SQL_MODE=@@SQL_MODE, SQL_MODE='NO_AUTO_VALUE_ON_ZERO' */;
/*!40111 SET @OLD_SQL_NOTES=@@SQL_NOTES, SQL_NOTES=0 */;

--
-- Table structure for table `chiusura`
--

DROP TABLE IF EXISTS `chiusura`;
/*!40101 SET @saved_cs_client     = @@character_set_client */;
/*!50503 SET character_set_client = utf8mb4 */;
CREATE TABLE `chiusura` (
  `idChiusura` int(11) NOT NULL AUTO_INCREMENT,
  `dataChiusura` date NOT NULL,
  `struttura` int(11) NOT NULL,
  PRIMARY KEY (`idChiusura`),
  KEY `fk4_idx` (`struttura`),
  CONSTRAINT `fk_4` FOREIGN KEY (`struttura`) REFERENCES `struttura` (`idStruttura`) ON DELETE CASCADE ON UPDATE CASCADE
) ENGINE=InnoDB AUTO_INCREMENT=2637 DEFAULT CHARSET=utf8mb4 COLLATE=utf8mb4_0900_ai_ci;
/*!40101 SET character_set_client = @saved_cs_client */;

--
-- Dumping data for table `chiusura`
--

LOCK TABLES `chiusura` WRITE;
/*!40000 ALTER TABLE `chiusura` DISABLE KEYS */;
INSERT INTO `chiusura` VALUES (1,'2021-12-25',1),(2,'2021-12-25',2),(3,'2022-12-25',4),(4,'2022-12-31',4),(5,'2022-12-31',4),(9,'2022-12-25',6),(10,'2022-12-31',6),(11,'2022-12-31',6),(12,'2022-12-25',7),(13,'2022-12-31',7),(14,'2022-12-31',7),(15,'2022-12-25',8),(16,'2022-12-31',8),(17,'2022-12-31',8),(18,'2022-12-25',9),(19,'2022-12-31',9),(20,'2022-12-31',9),(21,'2022-12-25',10),(22,'2022-12-31',10),(23,'2022-12-31',10),(24,'2022-12-25',11),(25,'2022-12-31',11),(26,'2022-12-31',11),(30,'2022-12-25',13),(31,'2022-12-31',13),(32,'2022-12-31',13),(33,'2022-12-25',14),(34,'2022-12-31',14),(35,'2022-12-31',14),(36,'2022-12-25',15),(37,'2022-12-31',15),(38,'2022-12-31',15),(39,'2022-12-25',16),(40,'2022-12-31',16),(41,'2022-12-31',16),(42,'2022-12-25',17),(43,'2022-12-31',17),(44,'2022-12-31',17),(45,'2022-12-25',18),(46,'2022-12-31',18),(47,'2022-12-31',18),(48,'2022-12-25',19),(49,'2022-12-31',19),(50,'2022-12-31',19),(51,'2022-12-25',20),(52,'2022-12-31',20),(53,'2022-12-31',20),(57,'2022-12-25',21),(58,'2022-12-31',21),(59,'2022-12-31',21),(60,'2022-12-25',22),(61,'2022-12-31',22),(62,'2022-12-31',22),(63,'2022-12-25',23),(64,'2022-12-31',23),(65,'2022-12-31',23),(66,'2022-12-25',24),(67,'2022-12-31',24),(68,'2022-12-31',24),(69,'2022-12-25',25),(70,'2022-12-31',25),(71,'2022-12-31',25),(75,'2022-12-25',26),(76,'2022-12-31',26),(77,'2022-12-31',26),(78,'2022-12-25',27),(79,'2022-12-31',27),(80,'2022-12-31',27),(81,'2022-12-25',28),(82,'2022-12-31',28),(83,'2022-12-31',28),(84,'2022-12-25',29),(85,'2022-12-31',29),(86,'2022-12-31',29),(87,'2022-12-25',30),(88,'2022-12-31',30),(89,'2022-12-31',30),(93,'2022-12-25',31),(94,'2022-12-31',31),(95,'2022-12-31',31),(96,'2022-12-25',32),(97,'2022-12-31',32),(98,'2022-12-31',32),(99,'2022-12-25',33),(100,'2022-12-31',33),(101,'2022-12-31',33),(102,'2022-12-25',34),(103,'2022-12-31',34),(104,'2022-12-31',34),(105,'2022-12-25',35),(106,'2022-12-31',35),(107,'2022-12-31',35),(108,'2022-12-25',12),(109,'2022-12-31',12),(110,'2022-12-31',12),(111,'2022-12-25',36),(112,'2022-12-31',36),(113,'2022-12-31',36),(114,'2022-12-25',37),(115,'2022-12-31',37),(116,'2022-12-31',37),(117,'2022-12-25',38),(118,'2022-12-31',38),(119,'2022-12-31',38),(120,'2022-12-25',39),(121,'2022-12-31',39),(122,'2022-12-31',39),(123,'2022-12-25',40),(124,'2022-12-31',40),(125,'2022-12-31',40),(126,'2022-12-25',41),(127,'2022-12-31',41),(128,'2022-12-31',41),(129,'2022-12-25',42),(130,'2022-12-31',42),(131,'2022-12-31',42),(132,'2022-12-25',43),(133,'2022-12-31',43),(134,'2022-12-31',43),(135,'2022-12-25',44),(136,'2022-12-31',44),(137,'2022-12-31',44),(138,'2022-12-25',45),(139,'2022-12-31',45),(140,'2022-12-31',45),(141,'2022-12-25',46),(142,'2022-12-31',46),(143,'2022-12-31',46),(1425,'2022-12-25',432),(1426,'2022-12-30',432),(1427,'2022-12-31',432),(1443,'2022-12-25',437),(1444,'2022-12-30',437),(1445,'2022-12-31',437),(1461,'2022-12-25',442),(1462,'2022-12-30',442),(1463,'2022-12-31',442),(1479,'2022-12-25',447),(1480,'2022-12-30',447),(1481,'2022-12-31',447),(1494,'2022-12-25',451),(1495,'2022-12-30',451),(1496,'2022-12-31',451),(1497,'2022-12-25',452),(1498,'2022-12-30',452),(1499,'2022-12-31',452),(1500,'2022-12-25',453),(1501,'2022-12-30',453),(1502,'2022-12-31',453),(1503,'2022-12-25',454),(1504,'2022-12-30',454),(1505,'2022-12-31',454),(1506,'2022-12-25',455),(1507,'2022-12-30',455),(1508,'2022-12-31',455),(1512,'2022-12-25',456),(1513,'2022-12-30',456),(1514,'2022-12-31',456),(1515,'2022-12-25',457),(1516,'2022-12-30',457),(1517,'2022-12-31',457),(1518,'2022-12-25',458),(1519,'2022-12-30',458),(1520,'2022-12-31',458),(1521,'2022-12-25',459),(1522,'2022-12-30',459),(1523,'2022-12-31',459),(1524,'2022-12-25',460),(1525,'2022-12-30',460),(1526,'2022-12-31',460),(1530,'2022-12-25',461),(1531,'2022-12-30',461),(1532,'2022-12-31',461),(1533,'2022-12-25',462),(1534,'2022-12-30',462),(1535,'2022-12-31',462),(1536,'2022-12-25',463),(1537,'2022-12-30',463),(1538,'2022-12-31',463),(1539,'2022-12-25',464),(1540,'2022-12-30',464),(1541,'2022-12-31',464),(1548,'2022-12-25',466),(1549,'2022-12-30',466),(1550,'2022-12-31',466),(1551,'2022-12-30',467),(1552,'2022-12-25',467),(1553,'2022-12-31',467),(1554,'2022-12-25',468),(1555,'2022-12-30',468),(1556,'2022-12-31',468),(1557,'2022-12-25',469),(1558,'2022-12-30',469),(1559,'2022-12-31',469),(1560,'2022-12-25',470),(1561,'2022-12-30',470),(1562,'2022-12-31',470),(1566,'2022-12-25',471),(1567,'2022-12-30',471),(1568,'2022-12-31',471),(1569,'2022-12-25',472),(1570,'2022-12-30',472),(1571,'2022-12-31',472),(1572,'2022-12-25',473),(1573,'2022-12-30',473),(1574,'2022-12-31',473),(1575,'2022-12-25',474),(1576,'2022-12-30',474),(1577,'2022-12-31',474),(1578,'2022-12-25',475),(1579,'2022-12-30',475),(1580,'2022-12-31',475),(1584,'2022-12-25',476),(1585,'2022-12-30',476),(1586,'2022-12-31',476),(1587,'2022-12-25',477),(1588,'2022-12-30',477),(1589,'2022-12-31',477),(1590,'2022-12-25',478),(1591,'2022-12-30',478),(1592,'2022-12-31',478),(1593,'2022-12-25',479),(1594,'2022-12-30',479),(1595,'2022-12-31',479),(1596,'2022-12-25',480),(1597,'2022-12-30',480),(1598,'2022-12-31',480),(1602,'2022-12-25',481),(1603,'2022-12-30',481),(1604,'2022-12-31',481),(1605,'2022-12-25',482),(1606,'2022-12-30',482),(1607,'2022-12-31',482),(1608,'2022-12-25',483),(1609,'2022-12-30',483),(1610,'2022-12-31',483),(1611,'2022-12-25',484),(1612,'2022-12-30',484),(1613,'2022-12-31',484),(1614,'2022-12-25',485),(1615,'2022-12-30',485),(1616,'2022-12-31',485),(1620,'2022-12-25',486),(1621,'2022-12-30',486),(1622,'2022-12-31',486),(1623,'2022-12-25',487),(1624,'2022-12-30',487),(1625,'2022-12-31',487),(1626,'2022-12-25',488),(1627,'2022-12-30',488),(1628,'2022-12-31',488),(1629,'2022-12-25',489),(1630,'2022-12-30',489),(1631,'2022-12-31',489),(1632,'2022-12-25',490),(1633,'2022-12-30',490),(1634,'2022-12-31',490),(1638,'2022-12-25',491),(1639,'2022-12-30',491),(1640,'2022-12-31',491),(1641,'2022-12-25',492),(1642,'2022-12-30',492),(1643,'2022-12-31',492),(1644,'2022-12-25',493),(1645,'2022-12-30',493),(1646,'2022-12-31',493),(1647,'2022-12-25',494),(1648,'2022-12-30',494),(1649,'2022-12-31',494),(1650,'2022-12-25',495),(1651,'2022-12-30',495),(1652,'2022-12-31',495),(1656,'2022-12-25',496),(1657,'2022-12-30',496),(1658,'2022-12-31',496),(1659,'2022-12-25',497),(1660,'2022-12-30',497),(1661,'2022-12-31',497),(1662,'2022-12-25',498),(1663,'2022-12-30',498),(1664,'2022-12-31',498),(1665,'2022-12-25',499),(1666,'2022-12-30',499),(1667,'2022-12-31',499),(1668,'2022-12-25',500),(1669,'2022-12-30',500),(1670,'2022-12-31',500),(1674,'2022-12-25',501),(1675,'2022-12-30',501),(1676,'2022-12-31',501),(1677,'2022-12-25',502),(1678,'2022-12-30',502),(1679,'2022-12-31',502),(1680,'2022-12-25',503),(1681,'2022-12-30',503),(1682,'2022-12-31',503),(1683,'2022-12-25',504),(1684,'2022-12-30',504),(1685,'2022-12-31',504),(1686,'2022-12-25',505),(1687,'2022-12-30',505),(1688,'2022-12-31',505),(1692,'2022-12-25',506),(1693,'2022-12-30',506),(1694,'2022-12-31',506),(1695,'2022-12-25',507),(1696,'2022-12-30',507),(1697,'2022-12-31',507),(1698,'2022-12-25',508),(1699,'2022-12-30',508),(1700,'2022-12-31',508),(1701,'2022-12-25',509),(1702,'2022-12-30',509),(1703,'2022-12-31',509),(1704,'2022-12-25',510),(1705,'2022-12-30',510),(1706,'2022-12-31',510),(1710,'2022-12-25',511),(1711,'2022-12-30',511),(1712,'2022-12-31',511),(1713,'2022-12-25',512),(1714,'2022-12-30',512),(1715,'2022-12-31',512),(1716,'2022-12-25',513),(1717,'2022-12-30',513),(1718,'2022-12-31',513),(1719,'2022-12-25',514),(1720,'2022-12-30',514),(1721,'2022-12-31',514),(1722,'2022-12-25',515),(1723,'2022-12-30',515),(1724,'2022-12-31',515),(1728,'2022-12-25',516),(1729,'2022-12-30',516),(1730,'2022-12-31',516),(1731,'2022-12-25',517),(1732,'2022-12-30',517),(1733,'2022-12-31',517),(1734,'2022-12-25',518),(1735,'2022-12-30',518),(1736,'2022-12-31',518),(1737,'2022-12-25',519),(1738,'2022-12-30',519),(1739,'2022-12-31',519),(1740,'2022-12-25',520),(1741,'2022-12-30',520),(1742,'2022-12-31',520),(1746,'2022-12-25',521),(1747,'2022-12-30',521),(1748,'2022-12-31',521),(1749,'2022-12-25',522),(1750,'2022-12-30',522),(1751,'2022-12-31',522),(1755,'2022-12-25',524),(1756,'2022-12-30',524),(1757,'2022-12-31',524),(1758,'2022-12-25',525),(1759,'2022-12-30',525),(1760,'2022-12-31',525),(1767,'2022-12-25',526),(1768,'2022-12-30',526),(1769,'2022-12-31',526),(1770,'2022-12-25',527),(1771,'2022-12-30',527),(1772,'2022-12-31',527),(1773,'2022-12-25',528),(1774,'2022-12-30',528),(1775,'2022-12-31',528),(1776,'2022-12-25',529),(1777,'2022-12-30',529),(1778,'2022-12-31',529),(1779,'2022-12-25',530),(1780,'2022-12-30',530),(1781,'2022-12-31',530),(1788,'2022-12-25',531),(1789,'2022-12-30',531),(1790,'2022-12-31',531),(1791,'2022-12-25',532),(1792,'2022-12-30',532),(1793,'2022-12-31',532),(1794,'2022-12-25',533),(1795,'2022-12-30',533),(1796,'2022-12-31',533),(1797,'2022-12-25',534),(1798,'2022-12-30',534),(1799,'2022-12-31',534),(1800,'2022-12-25',535),(1801,'2022-12-30',535),(1802,'2022-12-31',535),(1806,'2022-12-25',536),(1807,'2022-12-30',536),(1808,'2022-12-31',536),(1809,'2022-12-25',537),(1810,'2022-12-30',537),(1811,'2022-12-31',537),(1812,'2022-12-25',538),(1813,'2022-12-30',538),(1814,'2022-12-31',538),(1815,'2022-12-25',539),(1816,'2022-12-30',539),(1817,'2022-12-31',539),(1818,'2022-12-25',540),(1819,'2022-12-30',540),(1820,'2022-12-31',540),(1824,'2022-12-25',541),(1825,'2022-12-30',541),(1826,'2022-12-31',541),(1827,'2022-12-25',542),(1828,'2022-12-30',542),(1829,'2022-12-31',542),(1830,'2022-12-25',543),(1831,'2022-12-30',543),(1832,'2022-12-31',543),(1833,'2022-12-25',544),(1834,'2022-12-30',544),(1835,'2022-12-31',544),(1836,'2022-12-25',545),(1837,'2022-12-30',545),(1838,'2022-12-31',545),(1842,'2022-12-25',546),(1843,'2022-12-30',546),(1844,'2022-12-31',546),(1845,'2022-12-25',547),(1846,'2022-12-30',547),(1847,'2022-12-31',547),(1848,'2022-12-25',548),(1849,'2022-12-30',548),(1850,'2022-12-31',548),(1851,'2022-12-25',549),(1852,'2022-12-30',549),(1853,'2022-12-31',549),(1854,'2022-12-25',550),(1855,'2022-12-30',550),(1856,'2022-12-31',550),(1860,'2022-12-25',551),(1861,'2022-12-30',551),(1862,'2022-12-31',551),(1863,'2022-12-25',552),(1864,'2022-12-30',552),(1865,'2022-12-31',552),(1866,'2022-12-25',553),(1867,'2022-12-31',553),(1868,'2022-12-30',553),(1869,'2022-12-25',554),(1870,'2022-12-30',554),(1871,'2022-12-31',554),(1872,'2022-12-25',555),(1873,'2022-12-30',555),(1874,'2022-12-31',555),(1881,'2022-12-30',556),(1882,'2022-12-31',556),(1883,'2022-12-25',556),(1884,'2022-12-30',557),(1885,'2022-12-25',557),(1886,'2022-12-31',557),(1887,'2022-12-25',558),(1888,'2022-12-30',558),(1889,'2022-12-31',558),(1890,'2022-12-25',559),(1891,'2022-12-30',559),(1892,'2022-12-31',559),(1893,'2022-12-25',560),(1894,'2022-12-30',560),(1895,'2022-12-31',560),(1899,'2022-12-25',561),(1900,'2022-12-30',561),(1901,'2022-12-31',561),(1902,'2022-12-25',562),(1903,'2022-12-31',562),(1904,'2022-12-30',562),(1905,'2022-12-25',563),(1906,'2022-12-30',563),(1907,'2022-12-31',563),(1908,'2022-12-25',564),(1909,'2022-12-30',564),(1910,'2022-12-31',564),(1911,'2022-12-25',565),(1912,'2022-12-30',565),(1913,'2022-12-31',565),(1917,'2022-12-25',566),(1918,'2022-12-30',566),(1919,'2022-12-31',566),(1920,'2022-12-25',567),(1921,'2022-12-30',567),(1922,'2022-12-31',567),(1923,'2022-12-25',568),(1924,'2022-12-30',568),(1925,'2022-12-31',568),(1926,'2022-12-25',569),(1927,'2022-12-30',569),(1928,'2022-12-31',569),(1929,'2022-12-25',570),(1930,'2022-12-30',570),(1931,'2022-12-31',570),(1935,'2022-12-25',571),(1936,'2022-12-30',571),(1937,'2022-12-31',571),(1938,'2022-12-25',572),(1939,'2022-12-30',572),(1940,'2022-12-31',572),(1941,'2022-12-25',573),(1942,'2022-12-30',573),(1943,'2022-12-31',573),(1944,'2022-12-25',574),(1945,'2022-12-30',574),(1946,'2022-12-31',574),(1947,'2022-12-25',575),(1948,'2022-12-30',575),(1949,'2022-12-31',575),(1953,'2022-12-25',576),(1954,'2022-12-30',576),(1955,'2022-12-31',576),(1956,'2022-12-25',577),(1957,'2022-12-30',577),(1958,'2022-12-31',577),(1959,'2022-12-25',578),(1960,'2022-12-30',578),(1961,'2022-12-31',578),(1962,'2022-12-25',579),(1963,'2022-12-30',579),(1964,'2022-12-31',579),(1965,'2022-12-25',580),(1966,'2022-12-30',580),(1967,'2022-12-31',580),(1971,'2022-12-25',581),(1972,'2022-12-30',581),(1973,'2022-12-31',581),(1974,'2022-12-25',582),(1975,'2022-12-30',582),(1976,'2022-12-31',582),(1977,'2022-12-25',583),(1978,'2022-12-30',583),(1979,'2022-12-31',583),(1980,'2022-12-25',584),(1981,'2022-12-30',584),(1982,'2022-12-31',584),(1983,'2022-12-25',585),(1984,'2022-12-30',585),(1985,'2022-12-31',585),(1989,'2022-12-25',586),(1990,'2022-12-30',586),(1991,'2022-12-31',586),(1992,'2022-12-25',587),(1993,'2022-12-30',587),(1994,'2022-12-31',587),(1995,'2022-12-25',588),(1996,'2022-12-30',588),(1997,'2022-12-31',588),(1998,'2022-12-25',589),(1999,'2022-12-30',589),(2000,'2022-12-31',589),(2001,'2022-12-25',590),(2002,'2022-12-30',590),(2003,'2022-12-31',590),(2007,'2022-12-25',591),(2008,'2022-12-30',591),(2009,'2022-12-31',591),(2010,'2022-12-25',592),(2011,'2022-12-30',592),(2012,'2022-12-31',592),(2013,'2022-12-25',593),(2014,'2022-12-30',593),(2015,'2022-12-31',593),(2016,'2022-12-25',594),(2017,'2022-12-30',594),(2018,'2022-12-31',594),(2019,'2022-12-25',595),(2020,'2022-12-30',595),(2021,'2022-12-31',595),(2025,'2022-12-25',596),(2026,'2022-12-30',596),(2027,'2022-12-31',596),(2028,'2022-12-25',597),(2029,'2022-12-30',597),(2030,'2022-12-31',597),(2031,'2022-12-25',598),(2032,'2022-12-30',598),(2033,'2022-12-31',598),(2034,'2022-12-25',599),(2035,'2022-12-30',599),(2036,'2022-12-31',599),(2037,'2022-12-25',600),(2038,'2022-12-30',600),(2039,'2022-12-31',600),(2043,'2022-12-25',601),(2044,'2022-12-30',601),(2045,'2022-12-31',601),(2046,'2022-12-25',602),(2047,'2022-12-30',602),(2048,'2022-12-31',602),(2049,'2022-12-25',603),(2050,'2022-12-30',603),(2051,'2022-12-31',603),(2052,'2022-12-25',604),(2053,'2022-12-30',604),(2054,'2022-12-31',604),(2055,'2022-12-25',605),(2056,'2022-12-30',605),(2057,'2022-12-31',605),(2061,'2022-12-25',606),(2062,'2022-12-30',606),(2063,'2022-12-31',606),(2064,'2022-12-25',607),(2065,'2022-12-30',607),(2066,'2022-12-31',607),(2067,'2022-12-25',608),(2068,'2022-12-30',608),(2069,'2022-12-31',608),(2070,'2022-12-25',609),(2071,'2022-12-30',609),(2072,'2022-12-31',609),(2073,'2022-12-25',610),(2074,'2022-12-30',610),(2075,'2022-12-31',610),(2079,'2022-12-25',611),(2080,'2022-12-30',611),(2081,'2022-12-31',611),(2082,'2022-12-25',612),(2083,'2022-12-30',612),(2084,'2022-12-31',612),(2085,'2022-12-25',613),(2086,'2022-12-30',613),(2087,'2022-12-31',613),(2088,'2022-12-25',614),(2089,'2022-12-30',614),(2090,'2022-12-31',614),(2091,'2022-12-25',615),(2092,'2022-12-30',615),(2093,'2022-12-31',615),(2097,'2022-12-25',616),(2098,'2022-12-30',616),(2099,'2022-12-31',616),(2100,'2022-12-25',617),(2101,'2022-12-30',617),(2102,'2022-12-31',617),(2103,'2022-12-25',618),(2104,'2022-12-30',618),(2105,'2022-12-31',618),(2106,'2022-12-25',619),(2107,'2022-12-30',619),(2108,'2022-12-31',619),(2109,'2022-12-25',620),(2110,'2022-12-30',620),(2111,'2022-12-31',620),(2115,'2022-12-25',621),(2116,'2022-12-30',621),(2117,'2022-12-31',621),(2118,'2022-12-25',622),(2119,'2022-12-30',622),(2120,'2022-12-31',622),(2121,'2022-12-25',623),(2122,'2022-12-30',623),(2123,'2022-12-31',623),(2124,'2022-12-30',624),(2125,'2022-12-25',624),(2126,'2022-12-31',624),(2127,'2022-12-25',625),(2128,'2022-12-30',625),(2129,'2022-12-31',625),(2133,'2022-12-25',626),(2134,'2022-12-30',626),(2135,'2022-12-31',626),(2136,'2022-12-25',627),(2137,'2022-12-30',627),(2138,'2022-12-31',627),(2139,'2022-12-25',628),(2140,'2022-12-30',628),(2141,'2022-12-31',628),(2142,'2022-12-25',629),(2143,'2022-12-30',629),(2144,'2022-12-31',629),(2145,'2022-12-25',630),(2146,'2022-12-30',630),(2147,'2022-12-31',630),(2151,'2022-12-25',631),(2152,'2022-12-30',631),(2153,'2022-12-31',631),(2154,'2022-12-25',632),(2155,'2022-12-30',632),(2156,'2022-12-31',632),(2157,'2022-12-25',633),(2158,'2022-12-30',633),(2159,'2022-12-31',633),(2160,'2022-12-25',634),(2161,'2022-12-30',634),(2162,'2022-12-31',634),(2163,'2022-12-25',635),(2164,'2022-12-30',635),(2165,'2022-12-31',635),(2169,'2022-12-25',636),(2170,'2022-12-30',636),(2171,'2022-12-31',636),(2172,'2022-12-30',637),(2173,'2022-12-25',637),(2174,'2022-12-31',637),(2175,'2022-12-25',638),(2176,'2022-12-30',638),(2177,'2022-12-31',638),(2178,'2022-12-25',639),(2179,'2022-12-30',639),(2180,'2022-12-31',639),(2181,'2022-12-25',640),(2182,'2022-12-30',640),(2183,'2022-12-31',640),(2187,'2022-12-25',641),(2188,'2022-12-30',641),(2189,'2022-12-31',641),(2190,'2022-12-25',642),(2191,'2022-12-30',642),(2192,'2022-12-31',642),(2193,'2022-12-25',643),(2194,'2022-12-30',643),(2195,'2022-12-31',643),(2196,'2022-12-25',644),(2197,'2022-12-30',644),(2198,'2022-12-31',644),(2199,'2022-12-25',645),(2200,'2022-12-30',645),(2201,'2022-12-31',645),(2205,'2022-12-25',646),(2206,'2022-12-30',646),(2207,'2022-12-31',646),(2208,'2022-12-25',647),(2209,'2022-12-30',647),(2210,'2022-12-31',647),(2211,'2022-12-25',648),(2212,'2022-12-30',648),(2213,'2022-12-31',648),(2214,'2022-12-25',649),(2215,'2022-12-30',649),(2216,'2022-12-31',649),(2217,'2022-12-25',650),(2218,'2022-12-30',650),(2219,'2022-12-31',650),(2223,'2022-12-25',651),(2224,'2022-12-30',651),(2225,'2022-12-31',651),(2226,'2022-12-25',652),(2227,'2022-12-30',652),(2228,'2022-12-31',652),(2229,'2022-12-25',653),(2230,'2022-12-30',653),(2231,'2022-12-31',653),(2232,'2022-12-30',654),(2233,'2022-12-25',654),(2234,'2022-12-31',654),(2235,'2022-12-25',655),(2236,'2022-12-30',655),(2237,'2022-12-31',655),(2241,'2022-12-25',656),(2242,'2022-12-30',656),(2243,'2022-12-31',656),(2244,'2022-12-25',657),(2245,'2022-12-30',657),(2246,'2022-12-31',657),(2247,'2022-12-25',658),(2248,'2022-12-30',658),(2249,'2022-12-31',658),(2250,'2022-12-25',659),(2251,'2022-12-30',659),(2252,'2022-12-31',659),(2253,'2022-12-25',660),(2254,'2022-12-30',660),(2255,'2022-12-31',660),(2259,'2022-12-25',661),(2260,'2022-12-30',661),(2261,'2022-12-31',661),(2262,'2022-12-25',662),(2263,'2022-12-30',662),(2264,'2022-12-31',662),(2265,'2022-12-25',663),(2266,'2022-12-30',663),(2267,'2022-12-31',663),(2268,'2022-12-25',664),(2269,'2022-12-30',664),(2270,'2022-12-31',664),(2271,'2022-12-25',665),(2272,'2022-12-30',665),(2273,'2022-12-31',665),(2277,'2022-12-25',666),(2278,'2022-12-30',666),(2279,'2022-12-31',666),(2280,'2022-12-25',667),(2281,'2022-12-30',667),(2282,'2022-12-31',667),(2283,'2022-12-25',668),(2284,'2022-12-30',668),(2285,'2022-12-31',668),(2286,'2022-12-25',669),(2287,'2022-12-30',669),(2288,'2022-12-31',669),(2289,'2022-12-25',670),(2290,'2022-12-30',670),(2291,'2022-12-31',670),(2295,'2022-12-25',671),(2296,'2022-12-30',671),(2297,'2022-12-31',671),(2298,'2022-12-25',672),(2299,'2022-12-30',672),(2300,'2022-12-31',672),(2301,'2022-12-25',673),(2302,'2022-12-30',673),(2303,'2022-12-31',673),(2304,'2022-12-25',674),(2305,'2022-12-30',674),(2306,'2022-12-31',674),(2307,'2022-12-25',675),(2308,'2022-12-30',675),(2309,'2022-12-31',675),(2313,'2022-12-25',676),(2314,'2022-12-30',676),(2315,'2022-12-31',676),(2316,'2022-12-25',677),(2317,'2022-12-30',677),(2318,'2022-12-31',677),(2319,'2022-12-25',678),(2320,'2022-12-30',678),(2321,'2022-12-31',678),(2322,'2022-12-25',679),(2323,'2022-12-30',679),(2324,'2022-12-31',679),(2325,'2022-12-25',680),(2326,'2022-12-30',680),(2327,'2022-12-31',680),(2331,'2022-12-25',681),(2332,'2022-12-30',681),(2333,'2022-12-31',681),(2334,'2022-12-25',682),(2335,'2022-12-30',682),(2336,'2022-12-31',682),(2337,'2022-12-25',683),(2338,'2022-12-30',683),(2339,'2022-12-31',683),(2340,'2022-12-25',684),(2341,'2022-12-30',684),(2342,'2022-12-31',684),(2343,'2022-12-25',685),(2344,'2022-12-30',685),(2345,'2022-12-31',685),(2349,'2022-12-25',686),(2350,'2022-12-30',686),(2351,'2022-12-31',686),(2352,'2022-12-25',687),(2353,'2022-12-30',687),(2354,'2022-12-31',687),(2355,'2022-12-25',688),(2356,'2022-12-30',688),(2357,'2022-12-31',688),(2358,'2022-12-25',689),(2359,'2022-12-30',689),(2360,'2022-12-31',689),(2361,'2022-12-25',690),(2362,'2022-12-30',690),(2363,'2022-12-31',690),(2367,'2022-12-25',691),(2368,'2022-12-30',691),(2369,'2022-12-31',691),(2370,'2022-12-25',692),(2371,'2022-12-30',692),(2372,'2022-12-31',692),(2373,'2022-12-25',693),(2374,'2022-12-30',693),(2375,'2022-12-31',693),(2376,'2022-12-25',694),(2377,'2022-12-30',694),(2378,'2022-12-31',694),(2379,'2022-12-25',695),(2380,'2022-12-30',695),(2381,'2022-12-31',695),(2385,'2022-12-25',696),(2386,'2022-12-30',696),(2387,'2022-12-31',696),(2388,'2022-12-25',697),(2389,'2022-12-30',697),(2390,'2022-12-31',697),(2391,'2022-12-25',698),(2392,'2022-12-30',698),(2393,'2022-12-31',698),(2394,'2022-12-25',699),(2395,'2022-12-30',699),(2396,'2022-12-31',699),(2397,'2022-12-25',700),(2398,'2022-12-30',700),(2399,'2022-12-31',700),(2403,'2022-12-25',701),(2404,'2022-12-30',701),(2405,'2022-12-31',701),(2406,'2022-12-25',702),(2407,'2022-12-30',702),(2408,'2022-12-31',702),(2409,'2022-12-25',703),(2410,'2022-12-30',703),(2411,'2022-12-31',703),(2412,'2022-12-25',704),(2413,'2022-12-30',704),(2414,'2022-12-31',704),(2415,'2022-12-25',705),(2416,'2022-12-30',705),(2417,'2022-12-31',705),(2421,'2022-12-25',706),(2422,'2022-12-30',706),(2423,'2022-12-31',706),(2424,'2022-12-25',707),(2425,'2022-12-30',707),(2426,'2022-12-31',707),(2427,'2022-12-25',708),(2428,'2022-12-30',708),(2429,'2022-12-31',708),(2430,'2022-12-25',709),(2431,'2022-12-30',709),(2432,'2022-12-31',709),(2433,'2022-12-25',710),(2434,'2022-12-30',710),(2435,'2022-12-31',710),(2439,'2022-12-25',711),(2440,'2022-12-30',711),(2441,'2022-12-31',711),(2442,'2022-12-25',712),(2443,'2022-12-30',712),(2444,'2022-12-31',712),(2445,'2022-12-25',713),(2446,'2022-12-30',713),(2447,'2022-12-31',713),(2448,'2022-12-25',714),(2449,'2022-12-30',714),(2450,'2022-12-31',714),(2451,'2022-12-25',715),(2452,'2022-12-30',715),(2453,'2022-12-31',715),(2457,'2022-12-25',716),(2458,'2022-12-30',716),(2459,'2022-12-31',716),(2460,'2022-12-25',717),(2461,'2022-12-30',717),(2462,'2022-12-31',717),(2463,'2022-12-25',718),(2464,'2022-12-30',718),(2465,'2022-12-31',718),(2466,'2022-12-25',719),(2467,'2022-12-30',719),(2468,'2022-12-31',719),(2469,'2022-12-25',720),(2470,'2022-12-30',720),(2471,'2022-12-31',720),(2475,'2022-12-25',721),(2476,'2022-12-30',721),(2477,'2022-12-31',721),(2478,'2022-12-25',722),(2479,'2022-12-30',722),(2480,'2022-12-31',722),(2481,'2022-12-25',723),(2482,'2022-12-30',723),(2483,'2022-12-31',723),(2484,'2022-12-25',724),(2485,'2022-12-30',724),(2486,'2022-12-31',724),(2487,'2022-12-25',725),(2488,'2022-12-30',725),(2489,'2022-12-31',725),(2493,'2022-12-25',726),(2494,'2022-12-30',726),(2495,'2022-12-31',726),(2496,'2022-12-25',727),(2497,'2022-12-30',727),(2498,'2022-12-31',727),(2499,'2022-12-25',728),(2500,'2022-12-30',728),(2501,'2022-12-31',728),(2502,'2022-12-25',729),(2503,'2022-12-30',729),(2504,'2022-12-31',729),(2505,'2022-12-25',730),(2506,'2022-12-30',730),(2507,'2022-12-31',730),(2511,'2022-12-25',731),(2512,'2022-12-30',731),(2513,'2022-12-31',731),(2514,'2022-12-25',732),(2515,'2022-12-30',732),(2516,'2022-12-31',732),(2517,'2022-12-25',733),(2518,'2022-12-30',733),(2519,'2022-12-31',733),(2520,'2022-12-25',734),(2521,'2022-12-30',734),(2522,'2022-12-31',734),(2523,'2022-12-25',735),(2524,'2022-12-30',735),(2525,'2022-12-31',735),(2529,'2022-12-25',736),(2530,'2022-12-30',736),(2531,'2022-12-31',736),(2532,'2022-12-25',737),(2533,'2022-12-30',737),(2534,'2022-12-31',737),(2535,'2022-12-25',738),(2536,'2022-12-30',738),(2537,'2022-12-31',738),(2538,'2022-12-25',739),(2539,'2022-12-30',739),(2540,'2022-12-31',739),(2541,'2022-12-25',740),(2542,'2022-12-30',740),(2543,'2022-12-31',740),(2547,'2022-12-25',741),(2548,'2022-12-30',741),(2549,'2022-12-31',741),(2550,'2022-12-25',742),(2551,'2022-12-30',742),(2552,'2022-12-31',742),(2553,'2022-12-25',743),(2554,'2022-12-30',743),(2555,'2022-12-31',743),(2556,'2022-12-25',744),(2557,'2022-12-30',744),(2558,'2022-12-31',744),(2559,'2022-12-25',745),(2560,'2022-12-30',745),(2561,'2022-12-31',745),(2565,'2022-12-25',746),(2566,'2022-12-30',746),(2567,'2022-12-31',746),(2568,'2022-12-25',747),(2569,'2022-12-30',747),(2570,'2022-12-31',747),(2571,'2022-12-25',748),(2572,'2022-12-30',748),(2573,'2022-12-31',748),(2574,'2022-12-25',749),(2575,'2022-12-30',749),(2576,'2022-12-31',749),(2577,'2022-12-25',750),(2578,'2022-12-30',750),(2579,'2022-12-31',750),(2583,'2022-12-25',751),(2584,'2022-12-30',751),(2585,'2022-12-31',751),(2586,'2022-12-25',752),(2587,'2022-12-30',752),(2588,'2022-12-31',752),(2589,'2022-12-25',753),(2590,'2022-12-30',753),(2591,'2022-12-31',753),(2592,'2022-12-25',754),(2593,'2022-12-30',754),(2594,'2022-12-31',754),(2595,'2022-12-25',755),(2596,'2022-12-30',755),(2597,'2022-12-31',755),(2601,'2022-12-25',756),(2602,'2022-12-30',756),(2603,'2022-12-31',756),(2604,'2022-12-25',757),(2605,'2022-12-30',757),(2606,'2022-12-31',757),(2607,'2022-12-25',758),(2608,'2022-12-30',758),(2609,'2022-12-31',758),(2610,'2022-12-25',759),(2611,'2022-12-30',759),(2612,'2022-12-31',759),(2613,'2022-12-25',760),(2614,'2022-12-30',760),(2615,'2022-12-31',760),(2619,'2022-12-25',761),(2620,'2022-12-30',761),(2621,'2022-12-31',761),(2622,'2022-12-25',762),(2623,'2022-12-30',762),(2624,'2022-12-31',762),(2625,'2022-12-25',763),(2626,'2022-12-30',763),(2627,'2022-12-31',763),(2628,'2022-12-25',764),(2629,'2022-12-30',764),(2630,'2022-12-31',764),(2631,'2022-12-25',765),(2632,'2022-12-30',765),(2633,'2022-12-31',765),(2634,'2022-12-25',5),(2635,'2022-12-31',5),(2636,'2022-12-31',5);
/*!40000 ALTER TABLE `chiusura` ENABLE KEYS */;
UNLOCK TABLES;

--
-- Table structure for table `fattura`
--

DROP TABLE IF EXISTS `fattura`;
/*!40101 SET @saved_cs_client     = @@character_set_client */;
/*!50503 SET character_set_client = utf8mb4 */;
CREATE TABLE `fattura` (
  `idFattura` int(11) NOT NULL AUTO_INCREMENT,
  `intestatario` varchar(45) NOT NULL,
  `totalePagamento` decimal(4,2) NOT NULL,
  `dataRilascio` date NOT NULL,
  `statusFattura` varchar(45) NOT NULL,
  `richiesta` int(11) DEFAULT NULL,
  `prenotazione` int(11) DEFAULT NULL,
  PRIMARY KEY (`idFattura`),
  KEY `fk5_idx` (`richiesta`),
  KEY `fk6_idx` (`prenotazione`),
  CONSTRAINT `fk5` FOREIGN KEY (`richiesta`) REFERENCES `richiesta_tesseramento` (`idRichiesta_tesseramento`) ON DELETE CASCADE ON UPDATE CASCADE,
  CONSTRAINT `fk6` FOREIGN KEY (`prenotazione`) REFERENCES `prenotazione` (`idPrenotazione`) ON DELETE SET NULL ON UPDATE CASCADE
) ENGINE=InnoDB AUTO_INCREMENT=652 DEFAULT CHARSET=utf8mb4 COLLATE=utf8mb4_0900_ai_ci;
/*!40101 SET character_set_client = @saved_cs_client */;

--
-- Dumping data for table `fattura`
--

LOCK TABLES `fattura` WRITE;
/*!40000 ALTER TABLE `fattura` DISABLE KEYS */;
INSERT INTO `fattura` VALUES (328,'Matteo Scafa',5.00,'2022-01-18','Pagata',NULL,NULL),(331,'Matteo Scafa',5.00,'2022-01-18','Pagata',NULL,NULL),(334,'Matteo scafa',5.00,'2022-01-18','Pagata',NULL,NULL),(335,'Matteo scafa',5.00,'2022-01-18','Pagata',NULL,NULL),(336,'Matteo Scafa',5.00,'2022-01-18','Pagata',NULL,159),(337,'Matteo Scafa',5.00,'2022-01-18','Pagata',NULL,160),(338,'Matteo Scafa',5.00,'2022-01-18','Pagata',NULL,161),(339,'Matteo Scafa',5.00,'2022-01-18','Pagata',NULL,162),(340,'Matteo Scafa',5.00,'2022-01-18','Pagata',NULL,163),(341,'Matteo Scafa',5.00,'2022-01-18','Pagata',NULL,164),(342,'Matteo Scafa',5.00,'2022-01-18','Pagata',NULL,165),(343,'Matteo Scafa',5.00,'2022-01-18','Pagata',NULL,166),(344,'Matteo Scafa',5.00,'2022-01-18','Pagata',NULL,167),(345,'Matteo Scafa',5.00,'2022-01-18','Pagata',NULL,168),(346,'Matteo Scafa',5.00,'2022-01-18','Pagata',NULL,169),(347,'Matteo Scafa',5.00,'2022-01-18','Pagata',NULL,170),(348,'Matteo Scafa',5.00,'2022-01-18','Pagata',NULL,171),(349,'Matteo Scafa',5.00,'2022-01-18','Pagata',NULL,172),(350,'Matteo Scafa',5.00,'2022-01-18','Pagata',NULL,173),(351,'Matteo Scafa',5.00,'2022-01-18','Pagata',NULL,174),(352,'Matteo Scafa',5.00,'2022-01-18','Pagata',NULL,175),(353,'Matteo Scafa',5.00,'2022-01-18','Pagata',NULL,176),(354,'Matteo Scafa',5.00,'2022-01-18','Pagata',NULL,177),(355,'Matteo Scafa',5.00,'2022-01-18','Pagata',NULL,178),(356,'Matteo Scafa',5.00,'2022-01-18','Pagata',NULL,179),(357,'Matteo Scafa',5.00,'2022-01-18','Pagata',NULL,180),(358,'Matteo Scafa',5.00,'2022-01-18','Pagata',NULL,181),(359,'Matteo Scafa',5.00,'2022-01-18','Pagata',NULL,182),(360,'Matteo Scafa',5.00,'2022-01-18','Pagata',NULL,183),(361,'Matteo Scafa',5.00,'2022-01-18','Pagata',NULL,184),(362,'Matteo Scafa',5.00,'2022-01-18','Pagata',NULL,185),(363,'Matteo Scafa',5.00,'2022-01-18','Pagata',NULL,186),(364,'Matteo Scafa',5.00,'2022-01-18','Pagata',NULL,187),(369,'Matteo Scafa',5.00,'2022-01-18','Pagata',NULL,188),(372,'Matteo Scafa',5.00,'2022-01-18','Pagata',NULL,189),(375,'Matteo Scafa',5.00,'2022-01-18','Pagata',NULL,190),(378,'Matteo Scafa',5.00,'2022-01-18','Pagata',NULL,191),(381,'Matteo Scafa',5.00,'2022-01-18','Pagata',NULL,192),(384,'Matteo Scafa',5.00,'2022-01-18','Pagata',NULL,NULL),(387,'Matteo Scafa',5.00,'2022-01-18','Pagata',NULL,NULL),(390,'Matteo Scafa',5.00,'2022-01-18','Pagata',NULL,NULL),(393,'Matteo Scafa',5.00,'2022-01-18','Pagata',NULL,NULL),(396,'Matteo Scafa',5.00,'2022-01-18','Pagata',NULL,NULL),(399,'Matteo Scafa',5.00,'2022-01-18','Pagata',NULL,NULL),(402,'Matteo Scafa',5.00,'2022-01-18','Pagata',NULL,NULL),(405,'Matteo Scafa',5.00,'2022-01-18','Pagata',NULL,NULL),(408,'Matteo Scafa',5.00,'2022-01-18','Pagata',NULL,NULL),(411,'Matteo Scafa',5.00,'2022-01-18','Pagata',NULL,NULL),(414,'Matteo Scafa',5.00,'2022-01-18','Pagata',NULL,NULL),(417,'Matteo Scafa',5.00,'2022-01-18','Pagata',NULL,NULL),(420,'Matteo Scafa',5.00,'2022-01-18','Pagata',NULL,NULL),(423,'Matteo Scafa',5.00,'2022-01-18','Pagata',NULL,NULL),(426,'Matteo Scafa',5.00,'2022-01-18','Pagata',NULL,NULL),(429,'Matteo Scafa',5.00,'2022-01-18','Pagata',NULL,NULL),(434,'Matteo Scafa',5.00,'2022-01-19','Pagata',NULL,NULL),(435,'Matteo Scafa',5.00,'2022-01-19','Pagata',NULL,NULL),(436,'Matteo Scafa',5.00,'2022-01-19','Pagata',NULL,NULL),(437,'Matteo Scafa',5.00,'2022-01-19','Pagata',NULL,NULL),(440,'Matteo Scafa',5.00,'2022-01-19','Pagata',NULL,NULL),(443,'Matteo Scafa',5.00,'2022-01-19','Pagata',NULL,NULL),(446,'Matteo Scafa',5.00,'2022-01-19','Pagata',NULL,NULL),(449,'Matteo Scafa',5.00,'2022-01-19','Pagata',NULL,NULL),(452,'Matteo Scafa',5.00,'2022-01-19','Pagata',NULL,NULL),(455,'Matteo Scafa',5.00,'2022-01-19','Pagata',NULL,NULL),(458,'Matteo Scafa',5.00,'2022-01-19','Pagata',NULL,NULL),(461,'Matteo Scafa',5.00,'2022-01-19','Pagata',NULL,NULL),(466,'Matteo Scafa',5.00,'2022-01-19','Pagata',NULL,NULL),(469,'Matteo Scafa',5.00,'2022-01-19','Pagata',NULL,NULL),(472,'Matteo scafa',5.00,'2022-01-20','Pagata',NULL,NULL),(473,'Matteo Scafa',5.00,'2022-01-21','Pagata',NULL,NULL),(476,'Matteo Scafa',5.00,'2022-01-21','Pagata',NULL,NULL),(479,'Matteo Scafa',5.00,'2022-01-21','Pagata',NULL,NULL),(482,'Matteo Scafa',5.00,'2022-01-21','Pagata',NULL,NULL),(485,'Matteo Scafa',5.00,'2022-01-21','Pagata',NULL,NULL),(488,'Matteo Scafa',5.00,'2022-01-21','Pagata',NULL,NULL),(493,'Matteo Scafa',5.00,'2022-01-21','Pagata',NULL,NULL),(496,'Matteo Scafa',5.00,'2022-01-21','Pagata',NULL,NULL),(499,'Matteo Scafa',5.00,'2022-01-21','Pagata',NULL,NULL),(502,'Matteo Scafa',5.00,'2022-01-21','Pagata',NULL,NULL),(505,'Matteo Scafa',5.00,'2022-01-21','Pagata',NULL,NULL),(508,'Matteo Scafa',5.00,'2022-01-21','Pagata',NULL,NULL),(513,'Matteo Scafa',5.00,'2022-01-21','Pagata',NULL,236),(516,'Matteo Scafa',5.00,'2022-01-21','Pagata',NULL,237),(519,'Peppe Socks',12.00,'2022-01-21','Pagata',340,NULL),(521,'Matteo Scafa',5.00,'2022-01-22','Pagata',NULL,238),(524,'Matteo Scafa',5.00,'2022-01-22','Pagata',NULL,239),(527,'Matteo Scafa',5.00,'2022-01-22','Pagata',NULL,240),(530,'Matteo Scafa',5.00,'2022-01-22','Pagata',NULL,241),(533,'Matteo Scafa',5.00,'2022-01-22','Pagata',NULL,242),(536,'Matteo Scafa',5.00,'2022-01-22','Pagata',NULL,243),(539,'Matteo Scafa',5.00,'2022-01-22','Pagata',NULL,244),(542,'Matteo Scafa',5.00,'2022-01-22','Pagata',NULL,245),(545,'Matteo Scafa',5.00,'2022-01-22','Pagata',NULL,246),(548,'Matteo Scafa',5.00,'2022-01-22','Pagata',NULL,247),(551,'Matteo Scafa',5.00,'2022-01-22','Pagata',NULL,248),(554,'Matteo Scafa',5.00,'2022-01-22','Pagata',NULL,249),(557,'Matteo Scafa',5.00,'2022-01-22','Pagata',NULL,250),(560,'Matteo Scafa',5.00,'2022-01-22','Pagata',NULL,251),(563,'Matteo Scafa',5.00,'2022-01-22','Pagata',NULL,252),(566,'Matteo Scafa',5.00,'2022-01-22','Pagata',NULL,253),(569,'Matteo Scafa',5.00,'2022-01-23','Pagata',NULL,254),(572,'Matteo Scafa',5.00,'2022-01-23','Pagata',NULL,255),(575,'Matteo Scafa',5.00,'2022-01-23','Pagata',NULL,256),(578,'Matteo Scafa',5.00,'2022-01-23','Pagata',NULL,257),(581,'Matteo Scafa',5.00,'2022-01-23','Pagata',NULL,258),(584,'Matteo Scafa',5.00,'2022-01-23','Pagata',NULL,259),(585,'Matteo scafa',20.00,'2022-01-23','Pagata',NULL,260),(588,'Matteo Scafa',5.00,'2022-01-23','Pagata',NULL,261),(589,'Matteo scafa',20.00,'2022-01-23','Pagata',NULL,262),(592,'Matteo Scafa',5.00,'2022-01-23','Pagata',NULL,263),(595,'Matteo Scafa',5.00,'2022-01-23','Pagata',NULL,264),(598,'Matteo Scafa',5.00,'2022-01-23','Pagata',NULL,265),(601,'Matteo Scafa',5.00,'2022-01-23','Pagata',NULL,266),(604,'Matteo Scafa',5.00,'2022-01-23','Pagata',NULL,267),(607,'Matteo Scafa',5.00,'2022-01-23','Pagata',NULL,268),(610,'Matteo Scafa',5.00,'2022-01-23','Pagata',NULL,269),(613,'Matteo Scafa',5.00,'2022-01-23','Pagata',NULL,270),(616,'Matteo Scafa',5.00,'2022-01-23','Pagata',NULL,271),(619,'Matteo Scafa',5.00,'2022-01-23','Pagata',NULL,272),(622,'Matteo Scafa',5.00,'2022-01-23','Pagata',NULL,273),(625,'Matteo Scafa',5.00,'2022-01-23','Pagata',NULL,274),(628,'Matteo Scafa',5.00,'2022-01-23','Pagata',NULL,275),(631,'Matteo Scafa',5.00,'2022-01-23','Pagata',NULL,276),(634,'Matteo Scafa',5.00,'2022-01-23','Pagata',NULL,277),(637,'Matteo Scafa',5.00,'2022-01-23','Pagata',NULL,278),(640,'Matteo Scafa',5.00,'2022-01-23','Pagata',NULL,279),(643,'Matteo Scafa',5.00,'2022-01-23','Pagata',NULL,280),(646,'Matteo Scafa',5.00,'2022-01-23','Pagata',NULL,281),(649,'Matteo Scafa',5.00,'2022-01-23','Pagata',NULL,282);
/*!40000 ALTER TABLE `fattura` ENABLE KEYS */;
UNLOCK TABLES;

--
-- Table structure for table `prenotazione`
--

DROP TABLE IF EXISTS `prenotazione`;
/*!40101 SET @saved_cs_client     = @@character_set_client */;
/*!50503 SET character_set_client = utf8mb4 */;
CREATE TABLE `prenotazione` (
  `idPrenotazione` int(11) NOT NULL AUTO_INCREMENT,
  `dataPrenotazione` date NOT NULL,
  `oraInizio` time NOT NULL,
  `oraFine` time NOT NULL,
  `totalePagato` decimal(4,2) NOT NULL,
  `utente` int(11) NOT NULL,
  `struttura` int(11) NOT NULL,
  PRIMARY KEY (`idPrenotazione`),
  KEY `fk2_idx` (`utente`),
  KEY `fk3_idx` (`struttura`),
  CONSTRAINT `fk2` FOREIGN KEY (`utente`) REFERENCES `utente` (`idUtente`) ON DELETE CASCADE ON UPDATE CASCADE,
  CONSTRAINT `fk3` FOREIGN KEY (`struttura`) REFERENCES `struttura` (`idStruttura`) ON DELETE CASCADE ON UPDATE CASCADE
) ENGINE=InnoDB AUTO_INCREMENT=283 DEFAULT CHARSET=utf8mb4 COLLATE=utf8mb4_0900_ai_ci;
/*!40101 SET character_set_client = @saved_cs_client */;

--
-- Dumping data for table `prenotazione`
--

LOCK TABLES `prenotazione` WRITE;
/*!40000 ALTER TABLE `prenotazione` DISABLE KEYS */;
INSERT INTO `prenotazione` VALUES (74,'2022-01-23','20:20:00','21:15:00',5.00,1,3),(75,'2022-04-30','11:00:00','12:00:00',5.00,11,1),(102,'2022-03-23','11:00:00','12:00:00',5.00,1,1),(115,'2022-04-30','18:00:00','19:00:00',5.00,3,3),(123,'2022-02-25','18:00:00','19:00:00',3.50,11,3),(124,'2022-02-25','20:00:00','21:00:00',3.50,11,3),(136,'2022-04-30','11:00:00','12:00:00',5.00,3,3),(159,'2022-01-01','10:00:00','11:00:00',5.00,1,1),(160,'2022-05-30','10:00:00','11:00:00',5.00,1,1),(161,'2022-05-30','10:00:00','11:00:00',5.00,1,1),(162,'2022-05-30','10:00:00','11:00:00',5.00,1,1),(163,'2022-05-30','10:00:00','11:00:00',5.00,1,1),(164,'2022-05-30','10:00:00','11:00:00',5.00,1,1),(165,'2022-05-30','10:00:00','11:00:00',5.00,1,1),(166,'2022-05-30','10:00:00','11:00:00',5.00,1,1),(167,'2022-05-30','10:00:00','11:00:00',5.00,1,1),(168,'2022-05-30','10:00:00','11:00:00',5.00,1,1),(169,'2022-05-30','10:00:00','11:00:00',5.00,1,1),(170,'2022-05-30','10:00:00','11:00:00',5.00,1,1),(171,'2022-05-30','10:00:00','11:00:00',5.00,1,1),(172,'2022-05-30','10:00:00','11:00:00',5.00,1,1),(173,'2022-05-30','10:00:00','11:00:00',5.00,1,1),(174,'2022-05-30','10:00:00','11:00:00',5.00,1,1),(175,'2022-05-30','10:00:00','11:00:00',5.00,1,1),(176,'2022-05-30','10:00:00','11:00:00',5.00,1,1),(177,'2022-05-30','10:00:00','11:00:00',5.00,1,1),(178,'2022-05-30','10:00:00','11:00:00',5.00,1,1),(179,'2022-05-30','10:00:00','11:00:00',5.00,1,1),(180,'2022-05-30','10:00:00','11:00:00',5.00,1,1),(181,'2022-05-30','10:00:00','11:00:00',5.00,1,1),(182,'2022-05-30','10:00:00','11:00:00',5.00,1,1),(183,'2022-05-30','10:00:00','11:00:00',5.00,1,1),(184,'2022-05-30','10:00:00','11:00:00',5.00,1,1),(185,'2022-05-30','10:00:00','11:00:00',5.00,1,1),(186,'2022-05-30','10:00:00','11:00:00',5.00,1,1),(187,'2022-05-30','10:00:00','11:00:00',5.00,1,1),(188,'2022-05-30','10:00:00','11:00:00',5.00,1,1),(189,'2022-05-30','10:00:00','11:00:00',5.00,1,1),(190,'2022-05-30','10:00:00','11:00:00',5.00,1,1),(191,'2022-05-30','10:00:00','11:00:00',5.00,1,1),(192,'2022-05-30','10:00:00','11:00:00',5.00,1,1),(236,'2022-05-30','10:00:00','11:00:00',5.00,1,1),(237,'2022-05-30','10:00:00','11:00:00',5.00,1,1),(238,'2022-05-30','10:00:00','11:00:00',5.00,1,1),(239,'2022-05-30','10:00:00','11:00:00',5.00,1,1),(240,'2022-05-30','10:00:00','11:00:00',5.00,1,1),(241,'2022-05-30','10:00:00','11:00:00',5.00,1,1),(242,'2022-05-30','10:00:00','11:00:00',5.00,1,1),(243,'2022-05-30','10:00:00','11:00:00',5.00,1,1),(244,'2022-05-30','10:00:00','11:00:00',5.00,1,1),(245,'2022-05-30','10:00:00','11:00:00',5.00,1,1),(246,'2022-05-30','10:00:00','11:00:00',5.00,1,1),(247,'2022-05-30','10:00:00','11:00:00',5.00,1,1),(248,'2022-05-30','10:00:00','11:00:00',5.00,1,1),(249,'2022-05-30','10:00:00','11:00:00',5.00,1,1),(250,'2022-05-30','10:00:00','11:00:00',5.00,1,1),(251,'2022-05-30','10:00:00','11:00:00',5.00,1,1),(252,'2022-05-30','10:00:00','11:00:00',5.00,1,1),(253,'2022-05-30','10:00:00','11:00:00',5.00,1,1),(254,'2022-05-30','10:00:00','11:00:00',5.00,1,1),(255,'2022-05-30','10:00:00','11:00:00',5.00,1,1),(256,'2022-05-30','10:00:00','11:00:00',5.00,1,1),(257,'2022-05-30','10:00:00','11:00:00',5.00,1,1),(258,'2022-05-30','10:00:00','11:00:00',5.00,1,1),(259,'2022-05-30','10:00:00','11:00:00',5.00,1,1),(260,'2022-02-25','18:00:00','19:00:00',20.00,11,5),(261,'2022-05-30','10:00:00','11:00:00',5.00,1,1),(262,'2022-02-25','18:00:00','19:00:00',20.00,11,5),(263,'2022-05-30','10:00:00','11:00:00',5.00,1,1),(264,'2022-05-30','10:00:00','11:00:00',5.00,1,1),(265,'2022-05-30','10:00:00','11:00:00',5.00,1,1),(266,'2022-05-30','10:00:00','11:00:00',5.00,1,1),(267,'2022-05-30','10:00:00','11:00:00',5.00,1,1),(268,'2022-05-30','10:00:00','11:00:00',5.00,1,1),(269,'2022-05-30','10:00:00','11:00:00',5.00,1,1),(270,'2022-05-30','10:00:00','11:00:00',5.00,1,1),(271,'2022-05-30','10:00:00','11:00:00',5.00,1,1),(272,'2022-05-30','10:00:00','11:00:00',5.00,1,1),(273,'2022-05-30','10:00:00','11:00:00',5.00,1,1),(274,'2022-05-30','10:00:00','11:00:00',5.00,1,1),(275,'2022-05-30','10:00:00','11:00:00',5.00,1,1),(276,'2022-05-30','10:00:00','11:00:00',5.00,1,1),(277,'2022-05-30','10:00:00','11:00:00',5.00,1,1),(278,'2022-05-30','10:00:00','11:00:00',5.00,1,1),(279,'2022-05-30','10:00:00','11:00:00',5.00,1,1),(280,'2022-05-30','10:00:00','11:00:00',5.00,1,1),(281,'2022-05-30','10:00:00','11:00:00',5.00,1,1),(282,'2022-05-30','10:00:00','11:00:00',5.00,1,1);
/*!40000 ALTER TABLE `prenotazione` ENABLE KEYS */;
UNLOCK TABLES;

--
-- Table structure for table `richiesta_tesseramento`
--

DROP TABLE IF EXISTS `richiesta_tesseramento`;
/*!40101 SET @saved_cs_client     = @@character_set_client */;
/*!50503 SET character_set_client = utf8mb4 */;
CREATE TABLE `richiesta_tesseramento` (
  `idRichiesta_tesseramento` int(11) NOT NULL AUTO_INCREMENT,
  `dataRichiesta` date NOT NULL,
  `tipologiaTesseramento` varchar(45) NOT NULL,
  `statusRichiesta` varchar(45) NOT NULL,
  `prezzoTesseramento` decimal(4,2) NOT NULL,
  `certificatoAllegatoPath` varchar(200) NOT NULL,
  `utente` int(11) NOT NULL,
  PRIMARY KEY (`idRichiesta_tesseramento`),
  KEY `fk1_idx` (`utente`),
  CONSTRAINT `fk1` FOREIGN KEY (`utente`) REFERENCES `utente` (`idUtente`) ON UPDATE CASCADE
) ENGINE=InnoDB AUTO_INCREMENT=428 DEFAULT CHARSET=utf8mb4 COLLATE=utf8mb4_0900_ai_ci;
/*!40101 SET character_set_client = @saved_cs_client */;

--
-- Dumping data for table `richiesta_tesseramento`
--

LOCK TABLES `richiesta_tesseramento` WRITE;
/*!40000 ALTER TABLE `richiesta_tesseramento` DISABLE KEYS */;
INSERT INTO `richiesta_tesseramento` VALUES (1,'2021-12-10','Interno','Completata',12.00,'/',2),(5,'2022-01-07','Interno','Effettuata',12.00,'/static/richieste_tesseramento/1',1),(13,'2022-01-07','Interno','Effettuata',12.00,'/',4),(340,'2022-01-21','Interno','Eseguita',12.00,'/static/richieste_tesseramento/11',11);
/*!40000 ALTER TABLE `richiesta_tesseramento` ENABLE KEYS */;
UNLOCK TABLES;

--
-- Table structure for table `struttura`
--

DROP TABLE IF EXISTS `struttura`;
/*!40101 SET @saved_cs_client     = @@character_set_client */;
/*!50503 SET character_set_client = utf8mb4 */;
CREATE TABLE `struttura` (
  `idStruttura` int(11) NOT NULL AUTO_INCREMENT,
  `nome` varchar(45) NOT NULL,
  `prezzoPerFascia` decimal(4,2) NOT NULL,
  `durataPerFascia` int(11) NOT NULL,
  `capacitaPerFascia` int(11) NOT NULL,
  `isCancellata` tinyint(4) NOT NULL DEFAULT '0',
  `oraInizioMattina` time NOT NULL,
  `oraFineMattina` time NOT NULL,
  `oraInizioPomeriggio` time NOT NULL,
  `oraFinePomeriggio` time NOT NULL,
  `dataInizioDisponibilita` date NOT NULL,
  PRIMARY KEY (`idStruttura`)
) ENGINE=InnoDB AUTO_INCREMENT=766 DEFAULT CHARSET=utf8mb4 COLLATE=utf8mb4_0900_ai_ci;
/*!40101 SET character_set_client = @saved_cs_client */;

--
-- Dumping data for table `struttura`
--

LOCK TABLES `struttura` WRITE;
/*!40000 ALTER TABLE `struttura` DISABLE KEYS */;
INSERT INTO `struttura` VALUES (1,'Campo da Tennis',5.00,1,500,0,'09:00:00','13:00:00','15:00:00','18:00:00','2021-12-24'),(2,'Campo da Pallavolo',4.50,2,999,0,'09:00:00','13:00:00','14:00:00','19:00:00','2021-12-24'),(3,'Campo da Calcio',3.50,1,1,0,'09:00:00','13:00:00','14:00:00','21:00:00','2021-12-24'),(4,'Campo da basket',20.00,1,30,0,'07:00:00','12:00:00','14:00:00','21:00:00','2022-07-20'),(5,'Campo da basket',20.00,1,30,0,'07:00:00','12:00:00','14:00:00','21:00:00','2022-07-20'),(6,'Campo da basket',20.00,1,30,0,'11:00:00','12:00:00','12:30:00','20:30:00','2022-07-20'),(7,'Campo da basket',20.00,1,30,0,'11:00:00','12:00:00','12:01:00','20:30:00','2022-07-20'),(8,'Campo da basket',20.00,1,30,0,'11:00:00','12:00:00','12:01:00','20:30:00','2022-07-20'),(9,'Campo da basket',20.00,1,30,0,'11:00:00','12:00:00','12:01:00','20:30:00','2022-07-20'),(10,'Campo da basket',20.00,1,30,0,'11:00:00','12:00:00','12:30:00','20:30:00','2022-07-20'),(11,'Campo da basket',20.00,1,30,1,'09:00:00','12:00:00','12:30:00','20:30:00','2022-07-20'),(12,'Campo da basket',20.00,1,30,1,'07:00:00','12:00:00','14:00:00','21:00:00','2022-07-20'),(13,'Campo da basket',20.00,1,30,0,'09:00:00','12:00:00','12:45:00','20:45:00','2022-07-20'),(14,'Campo da basket',20.00,2,30,1,'09:00:00','13:00:00','14:45:00','20:45:00','2022-07-20'),(15,'Campo da basket',20.00,3,30,0,'07:00:00','13:00:00','14:45:00','20:45:00','2022-07-20'),(16,'Campo da basket',20.00,3,30,0,'09:00:00','12:00:00','14:45:00','20:45:00','2022-07-20'),(17,'Campo da basket',20.00,1,30,0,'07:00:00','12:00:00','14:00:00','21:00:00','2022-07-20'),(18,'Campo da basket',20.00,1,30,0,'07:15:00','12:15:00','14:00:00','21:00:00','2022-07-20'),(19,'Campo da basket',20.00,2,30,0,'07:45:00','13:45:00','14:00:00','20:00:00','2022-07-20'),(20,'Campo da basket',20.00,2,30,0,'07:45:00','13:45:00','14:45:00','20:45:00','2022-07-20'),(21,'Campo da basket',20.00,1,30,0,'07:00:00','12:00:00','14:00:00','21:00:00','2022-07-20'),(22,'Campo da basket',20.00,1,30,0,'07:15:00','12:15:00','14:00:00','21:00:00','2022-07-20'),(23,'Campo da basket',20.00,2,30,0,'07:45:00','13:45:00','14:00:00','20:00:00','2022-07-20'),(24,'Campo da basket',20.00,2,30,0,'07:45:00','13:45:00','14:45:00','20:45:00','2022-07-20'),(25,'Campo da basket',20.00,3,30,0,'07:00:00','13:00:00','13:30:00','19:30:00','2022-07-20'),(26,'Campo da basket',20.00,1,30,0,'07:00:00','12:00:00','14:00:00','21:00:00','2022-07-20'),(27,'Campo da basket',20.00,1,30,0,'07:15:00','12:15:00','14:00:00','21:00:00','2022-07-20'),(28,'Campo da basket',20.00,2,30,0,'07:45:00','13:45:00','14:00:00','20:00:00','2022-07-20'),(29,'Campo da basket',20.00,2,30,0,'07:45:00','13:45:00','14:45:00','20:45:00','2022-07-20'),(30,'Campo da basket',20.00,3,30,0,'07:00:00','13:00:00','13:30:00','19:30:00','2022-07-20'),(31,'Campo da basket',20.00,1,30,0,'07:00:00','12:00:00','14:00:00','21:00:00','2022-07-20'),(32,'Campo da basket',20.00,1,30,0,'07:15:00','12:15:00','14:00:00','21:00:00','2022-07-20'),(33,'Campo da basket',20.00,2,30,0,'07:45:00','13:45:00','14:00:00','20:00:00','2022-07-20'),(34,'Campo da basket',20.00,2,30,0,'07:45:00','13:45:00','14:45:00','20:45:00','2022-07-20'),(35,'Campo da basket',20.00,3,30,0,'07:00:00','13:00:00','13:30:00','19:30:00','2022-07-20'),(36,'Campo da basket',20.00,1,30,0,'07:00:00','12:00:00','14:00:00','21:00:00','2022-07-20'),(37,'Campo da basket',20.00,1,30,0,'07:15:00','12:15:00','14:00:00','21:00:00','2022-07-20'),(38,'Campo da basket',20.00,2,30,0,'07:45:00','13:45:00','14:00:00','20:00:00','2022-07-20'),(40,'Campo da basket',20.00,3,30,0,'07:00:00','13:00:00','13:30:00','19:30:00','2022-07-20'),(41,'Campo da basket',20.00,1,30,0,'07:00:00','12:00:00','14:00:00','21:00:00','2022-07-20'),(42,'Campo da basket',20.00,1,30,0,'07:15:00','12:15:00','14:00:00','21:00:00','2022-07-20'),(44,'Campo da basket',20.00,2,30,0,'07:45:00','13:45:00','14:45:00','20:45:00','2022-07-20'),(45,'Campo da basket',20.00,3,30,0,'07:00:00','13:00:00','13:30:00','19:30:00','2022-07-20'),(46,'Campo da basket',20.00,1,30,0,'07:00:00','12:00:00','14:00:00','21:00:00','2022-07-20'),(461,'Campo da basket',20.00,1,30,0,'07:00:00','12:00:00','14:00:00','21:00:00','2069-07-20'),(462,'Campo da basket',20.00,1,30,0,'07:15:00','12:15:00','14:00:00','21:00:00','2079-07-20'),(463,'Campo da basket',20.00,2,30,0,'07:45:00','13:45:00','14:00:00','20:00:00','2071-07-20'),(464,'Campo da basket',20.00,2,30,0,'07:45:00','13:45:00','14:45:00','20:45:00','2072-07-20'),(466,'Campo da basket',20.00,1,30,0,'07:00:00','12:00:00','14:00:00','21:00:00','2069-07-20'),(467,'Campo da basket',20.00,1,30,0,'07:15:00','12:15:00','14:00:00','21:00:00','2079-07-20'),(468,'Campo da basket',20.00,2,30,0,'07:45:00','13:45:00','14:00:00','20:00:00','2071-07-20'),(469,'Campo da basket',20.00,2,30,0,'07:45:00','13:45:00','14:45:00','20:45:00','2072-07-20'),(470,'Campo da basket',20.00,3,30,0,'07:00:00','13:00:00','13:30:00','19:30:00','2073-07-20'),(471,'Campo da basket',20.00,1,30,0,'07:00:00','12:00:00','14:00:00','21:00:00','2069-07-20'),(472,'Campo da basket',20.00,1,30,0,'07:15:00','12:15:00','14:00:00','21:00:00','2079-07-20'),(473,'Campo da basket',20.00,2,30,0,'07:45:00','13:45:00','14:00:00','20:00:00','2071-07-20'),(474,'Campo da basket',20.00,2,30,0,'07:45:00','13:45:00','14:45:00','20:45:00','2072-07-20'),(475,'Campo da basket',20.00,3,30,0,'07:00:00','13:00:00','13:30:00','19:30:00','2073-07-20'),(476,'Campo da basket',20.00,1,30,0,'07:00:00','12:00:00','14:00:00','21:00:00','2069-07-20'),(477,'Campo da basket',20.00,1,30,0,'07:15:00','12:15:00','14:00:00','21:00:00','2079-07-20'),(478,'Campo da basket',20.00,2,30,0,'07:45:00','13:45:00','14:00:00','20:00:00','2071-07-20'),(479,'Campo da basket',20.00,2,30,0,'07:45:00','13:45:00','14:45:00','20:45:00','2072-07-20'),(480,'Campo da basket',20.00,3,30,0,'07:00:00','13:00:00','13:30:00','19:30:00','2073-07-20'),(481,'Campo da basket',20.00,1,30,0,'07:00:00','12:00:00','14:00:00','21:00:00','2069-07-20'),(482,'Campo da basket',20.00,1,30,0,'07:15:00','12:15:00','14:00:00','21:00:00','2079-07-20'),(483,'Campo da basket',20.00,2,30,0,'07:45:00','13:45:00','14:00:00','20:00:00','2071-07-20'),(484,'Campo da basket',20.00,2,30,0,'07:45:00','13:45:00','14:45:00','20:45:00','2072-07-20'),(485,'Campo da basket',20.00,3,30,0,'07:00:00','13:00:00','13:30:00','19:30:00','2073-07-20'),(486,'Campo da basket',20.00,1,30,0,'07:00:00','12:00:00','14:00:00','21:00:00','2069-07-20'),(487,'Campo da basket',20.00,1,30,0,'07:15:00','12:15:00','14:00:00','21:00:00','2079-07-20'),(488,'Campo da basket',20.00,2,30,0,'07:45:00','13:45:00','14:00:00','20:00:00','2071-07-20'),(489,'Campo da basket',20.00,2,30,0,'07:45:00','13:45:00','14:45:00','20:45:00','2072-07-20'),(490,'Campo da basket',20.00,3,30,0,'07:00:00','13:00:00','13:30:00','19:30:00','2073-07-20'),(491,'Campo da basket',20.00,1,30,0,'07:00:00','12:00:00','14:00:00','21:00:00','2069-07-20'),(492,'Campo da basket',20.00,1,30,0,'07:15:00','12:15:00','14:00:00','21:00:00','2079-07-20'),(493,'Campo da basket',20.00,2,30,0,'07:45:00','13:45:00','14:00:00','20:00:00','2071-07-20'),(494,'Campo da basket',20.00,2,30,0,'07:45:00','13:45:00','14:45:00','20:45:00','2072-07-20'),(495,'Campo da basket',20.00,3,30,0,'07:00:00','13:00:00','13:30:00','19:30:00','2073-07-20'),(496,'Campo da basket',20.00,1,30,0,'07:00:00','12:00:00','14:00:00','21:00:00','2069-07-20'),(497,'Campo da basket',20.00,1,30,0,'07:15:00','12:15:00','14:00:00','21:00:00','2079-07-20'),(498,'Campo da basket',20.00,2,30,0,'07:45:00','13:45:00','14:00:00','20:00:00','2071-07-20'),(499,'Campo da basket',20.00,2,30,0,'07:45:00','13:45:00','14:45:00','20:45:00','2072-07-20'),(500,'Campo da basket',20.00,3,30,0,'07:00:00','13:00:00','13:30:00','19:30:00','2073-07-20'),(501,'Campo da basket',20.00,1,30,0,'07:00:00','12:00:00','14:00:00','21:00:00','2069-07-20'),(502,'Campo da basket',20.00,1,30,0,'07:15:00','12:15:00','14:00:00','21:00:00','2079-07-20'),(503,'Campo da basket',20.00,2,30,0,'07:45:00','13:45:00','14:00:00','20:00:00','2071-07-20'),(504,'Campo da basket',20.00,2,30,0,'07:45:00','13:45:00','14:45:00','20:45:00','2072-07-20'),(505,'Campo da basket',20.00,3,30,0,'07:00:00','13:00:00','13:30:00','19:30:00','2073-07-20'),(506,'Campo da basket',20.00,1,30,0,'07:00:00','12:00:00','14:00:00','21:00:00','2069-07-20'),(507,'Campo da basket',20.00,1,30,0,'07:15:00','12:15:00','14:00:00','21:00:00','2079-07-20'),(508,'Campo da basket',20.00,2,30,0,'07:45:00','13:45:00','14:00:00','20:00:00','2071-07-20'),(509,'Campo da basket',20.00,2,30,0,'07:45:00','13:45:00','14:45:00','20:45:00','2072-07-20'),(510,'Campo da basket',20.00,3,30,0,'07:00:00','13:00:00','13:30:00','19:30:00','2073-07-20'),(511,'Campo da basket',20.00,1,30,0,'07:00:00','12:00:00','14:00:00','21:00:00','2069-07-20'),(512,'Campo da basket',20.00,1,30,0,'07:15:00','12:15:00','14:00:00','21:00:00','2079-07-20'),(513,'Campo da basket',20.00,2,30,0,'07:45:00','13:45:00','14:00:00','20:00:00','2071-07-20'),(514,'Campo da basket',20.00,2,30,0,'07:45:00','13:45:00','14:45:00','20:45:00','2072-07-20'),(515,'Campo da basket',20.00,3,30,0,'07:00:00','13:00:00','13:30:00','19:30:00','2073-07-20'),(516,'Campo da basket',20.00,1,30,0,'07:00:00','12:00:00','14:00:00','21:00:00','2069-07-20'),(517,'Campo da basket',20.00,1,30,0,'07:15:00','12:15:00','14:00:00','21:00:00','2079-07-20'),(518,'Campo da basket',20.00,2,30,0,'07:45:00','13:45:00','14:00:00','20:00:00','2071-07-20'),(519,'Campo da basket',20.00,2,30,0,'07:45:00','13:45:00','14:45:00','20:45:00','2072-07-20'),(520,'Campo da basket',20.00,3,30,0,'07:00:00','13:00:00','13:30:00','19:30:00','2073-07-20'),(521,'Campo da basket',20.00,1,30,0,'07:00:00','12:00:00','14:00:00','21:00:00','2069-07-20'),(522,'Campo da basket',20.00,1,30,0,'07:15:00','12:15:00','14:00:00','21:00:00','2079-07-20'),(523,'Campo da basket',20.00,1,30,0,'07:00:00','12:00:00','14:00:00','21:00:00','2022-07-20'),(524,'Campo da basket',20.00,2,30,0,'07:45:00','13:45:00','14:45:00','20:45:00','2072-07-20'),(525,'Campo da basket',20.00,3,30,0,'07:00:00','13:00:00','13:30:00','19:30:00','2073-07-20'),(526,'Campo da basket',20.00,1,30,0,'07:00:00','12:00:00','14:00:00','21:00:00','2069-07-20'),(527,'Campo da basket',20.00,1,30,0,'07:15:00','12:15:00','14:00:00','21:00:00','2079-07-20'),(528,'Campo da basket',20.00,2,30,0,'07:45:00','13:45:00','14:00:00','20:00:00','2071-07-20'),(529,'Campo da basket',20.00,2,30,0,'07:45:00','13:45:00','14:45:00','20:45:00','2072-07-20'),(530,'Campo da basket',20.00,3,30,0,'07:00:00','13:00:00','13:30:00','19:30:00','2073-07-20'),(531,'Campo da basket',20.00,1,30,0,'07:00:00','12:00:00','14:00:00','21:00:00','2069-07-20'),(532,'Campo da basket',20.00,1,30,0,'07:15:00','12:15:00','14:00:00','21:00:00','2079-07-20'),(533,'Campo da basket',20.00,2,30,0,'07:45:00','13:45:00','14:00:00','20:00:00','2071-07-20'),(534,'Campo da basket',20.00,2,30,0,'07:45:00','13:45:00','14:45:00','20:45:00','2072-07-20'),(535,'Campo da basket',20.00,3,30,0,'07:00:00','13:00:00','13:30:00','19:30:00','2073-07-20'),(536,'Campo da basket',20.00,1,30,0,'07:00:00','12:00:00','14:00:00','21:00:00','2069-07-20'),(537,'Campo da basket',20.00,1,30,0,'07:15:00','12:15:00','14:00:00','21:00:00','2079-07-20'),(538,'Campo da basket',20.00,2,30,0,'07:45:00','13:45:00','14:00:00','20:00:00','2071-07-20'),(539,'Campo da basket',20.00,2,30,0,'07:45:00','13:45:00','14:45:00','20:45:00','2072-07-20'),(540,'Campo da basket',20.00,3,30,0,'07:00:00','13:00:00','13:30:00','19:30:00','2073-07-20'),(541,'Campo da basket',20.00,1,30,0,'07:00:00','12:00:00','14:00:00','21:00:00','2069-07-20'),(542,'Campo da basket',20.00,1,30,0,'07:15:00','12:15:00','14:00:00','21:00:00','2079-07-20'),(543,'Campo da basket',20.00,2,30,0,'07:45:00','13:45:00','14:00:00','20:00:00','2071-07-20'),(544,'Campo da basket',20.00,2,30,0,'07:45:00','13:45:00','14:45:00','20:45:00','2072-07-20'),(545,'Campo da basket',20.00,3,30,0,'07:00:00','13:00:00','13:30:00','19:30:00','2073-07-20'),(546,'Campo da basket',20.00,1,30,0,'07:00:00','12:00:00','14:00:00','21:00:00','2069-07-20'),(547,'Campo da basket',20.00,1,30,0,'07:15:00','12:15:00','14:00:00','21:00:00','2079-07-20'),(548,'Campo da basket',20.00,2,30,0,'07:45:00','13:45:00','14:00:00','20:00:00','2071-07-20'),(549,'Campo da basket',20.00,2,30,0,'07:45:00','13:45:00','14:45:00','20:45:00','2072-07-20'),(550,'Campo da basket',20.00,3,30,0,'07:00:00','13:00:00','13:30:00','19:30:00','2073-07-20'),(551,'Campo da basket',20.00,1,30,0,'07:00:00','12:00:00','14:00:00','21:00:00','2069-07-20'),(552,'Campo da basket',20.00,1,30,0,'07:15:00','12:15:00','14:00:00','21:00:00','2079-07-20'),(553,'Campo da basket',20.00,2,30,0,'07:45:00','13:45:00','14:00:00','20:00:00','2071-07-20'),(554,'Campo da basket',20.00,2,30,0,'07:45:00','13:45:00','14:45:00','20:45:00','2072-07-20'),(555,'Campo da basket',20.00,3,30,0,'07:00:00','13:00:00','13:30:00','19:30:00','2073-07-20'),(556,'Campo da basket',20.00,1,30,0,'07:00:00','12:00:00','14:00:00','21:00:00','2069-07-20'),(557,'Campo da basket',20.00,1,30,0,'07:15:00','12:15:00','14:00:00','21:00:00','2079-07-20'),(558,'Campo da basket',20.00,2,30,0,'07:45:00','13:45:00','14:00:00','20:00:00','2071-07-20'),(559,'Campo da basket',20.00,2,30,0,'07:45:00','13:45:00','14:45:00','20:45:00','2072-07-20'),(560,'Campo da basket',20.00,3,30,0,'07:00:00','13:00:00','13:30:00','19:30:00','2073-07-20'),(561,'Campo da basket',20.00,1,30,0,'07:00:00','12:00:00','14:00:00','21:00:00','2069-07-20'),(562,'Campo da basket',20.00,1,30,0,'07:15:00','12:15:00','14:00:00','21:00:00','2079-07-20'),(563,'Campo da basket',20.00,2,30,0,'07:45:00','13:45:00','14:00:00','20:00:00','2071-07-20'),(564,'Campo da basket',20.00,2,30,0,'07:45:00','13:45:00','14:45:00','20:45:00','2072-07-20'),(565,'Campo da basket',20.00,3,30,0,'07:00:00','13:00:00','13:30:00','19:30:00','2073-07-20'),(566,'Campo da basket',20.00,1,30,0,'07:00:00','12:00:00','14:00:00','21:00:00','2069-07-20'),(567,'Campo da basket',20.00,1,30,0,'07:15:00','12:15:00','14:00:00','21:00:00','2079-07-20'),(568,'Campo da basket',20.00,2,30,0,'07:45:00','13:45:00','14:00:00','20:00:00','2071-07-20'),(569,'Campo da basket',20.00,2,30,0,'07:45:00','13:45:00','14:45:00','20:45:00','2072-07-20'),(570,'Campo da basket',20.00,3,30,0,'07:00:00','13:00:00','13:30:00','19:30:00','2073-07-20'),(571,'Campo da basket',20.00,1,30,0,'07:00:00','12:00:00','14:00:00','21:00:00','2069-07-20'),(572,'Campo da basket',20.00,1,30,0,'07:15:00','12:15:00','14:00:00','21:00:00','2079-07-20'),(573,'Campo da basket',20.00,2,30,0,'07:45:00','13:45:00','14:00:00','20:00:00','2071-07-20'),(574,'Campo da basket',20.00,2,30,0,'07:45:00','13:45:00','14:45:00','20:45:00','2072-07-20'),(575,'Campo da basket',20.00,3,30,0,'07:00:00','13:00:00','13:30:00','19:30:00','2073-07-20'),(576,'Campo da basket',20.00,1,30,0,'07:00:00','12:00:00','14:00:00','21:00:00','2069-07-20'),(577,'Campo da basket',20.00,1,30,0,'07:15:00','12:15:00','14:00:00','21:00:00','2079-07-20'),(578,'Campo da basket',20.00,2,30,0,'07:45:00','13:45:00','14:00:00','20:00:00','2071-07-20'),(579,'Campo da basket',20.00,2,30,0,'07:45:00','13:45:00','14:45:00','20:45:00','2072-07-20'),(580,'Campo da basket',20.00,3,30,0,'07:00:00','13:00:00','13:30:00','19:30:00','2073-07-20'),(581,'Campo da basket',20.00,1,30,0,'07:00:00','12:00:00','14:00:00','21:00:00','2069-07-20'),(582,'Campo da basket',20.00,1,30,0,'07:15:00','12:15:00','14:00:00','21:00:00','2079-07-20'),(583,'Campo da basket',20.00,2,30,0,'07:45:00','13:45:00','14:00:00','20:00:00','2071-07-20'),(584,'Campo da basket',20.00,2,30,0,'07:45:00','13:45:00','14:45:00','20:45:00','2072-07-20'),(585,'Campo da basket',20.00,3,30,0,'07:00:00','13:00:00','13:30:00','19:30:00','2073-07-20'),(586,'Campo da basket',20.00,1,30,0,'07:00:00','12:00:00','14:00:00','21:00:00','2069-07-20'),(587,'Campo da basket',20.00,1,30,0,'07:15:00','12:15:00','14:00:00','21:00:00','2079-07-20'),(588,'Campo da basket',20.00,2,30,0,'07:45:00','13:45:00','14:00:00','20:00:00','2071-07-20'),(589,'Campo da basket',20.00,2,30,0,'07:45:00','13:45:00','14:45:00','20:45:00','2072-07-20'),(590,'Campo da basket',20.00,3,30,0,'07:00:00','13:00:00','13:30:00','19:30:00','2073-07-20'),(591,'Campo da basket',20.00,1,30,0,'07:00:00','12:00:00','14:00:00','21:00:00','2069-07-20'),(592,'Campo da basket',20.00,1,30,0,'07:15:00','12:15:00','14:00:00','21:00:00','2079-07-20'),(593,'Campo da basket',20.00,2,30,0,'07:45:00','13:45:00','14:00:00','20:00:00','2071-07-20'),(594,'Campo da basket',20.00,2,30,0,'07:45:00','13:45:00','14:45:00','20:45:00','2072-07-20'),(595,'Campo da basket',20.00,3,30,0,'07:00:00','13:00:00','13:30:00','19:30:00','2073-07-20'),(596,'Campo da basket',20.00,1,30,0,'07:00:00','12:00:00','14:00:00','21:00:00','2069-07-20'),(597,'Campo da basket',20.00,1,30,0,'07:15:00','12:15:00','14:00:00','21:00:00','2079-07-20'),(598,'Campo da basket',20.00,2,30,0,'07:45:00','13:45:00','14:00:00','20:00:00','2071-07-20'),(599,'Campo da basket',20.00,2,30,0,'07:45:00','13:45:00','14:45:00','20:45:00','2072-07-20'),(600,'Campo da basket',20.00,3,30,0,'07:00:00','13:00:00','13:30:00','19:30:00','2073-07-20'),(601,'Campo da basket',20.00,1,30,0,'07:00:00','12:00:00','14:00:00','21:00:00','2069-07-20'),(602,'Campo da basket',20.00,1,30,0,'07:15:00','12:15:00','14:00:00','21:00:00','2079-07-20'),(603,'Campo da basket',20.00,2,30,0,'07:45:00','13:45:00','14:00:00','20:00:00','2071-07-20'),(604,'Campo da basket',20.00,2,30,0,'07:45:00','13:45:00','14:45:00','20:45:00','2072-07-20'),(605,'Campo da basket',20.00,3,30,0,'07:00:00','13:00:00','13:30:00','19:30:00','2073-07-20'),(606,'Campo da basket',20.00,1,30,0,'07:00:00','12:00:00','14:00:00','21:00:00','2069-07-20'),(607,'Campo da basket',20.00,1,30,0,'07:15:00','12:15:00','14:00:00','21:00:00','2079-07-20'),(608,'Campo da basket',20.00,2,30,0,'07:45:00','13:45:00','14:00:00','20:00:00','2071-07-20'),(609,'Campo da basket',20.00,2,30,0,'07:45:00','13:45:00','14:45:00','20:45:00','2072-07-20'),(610,'Campo da basket',20.00,3,30,0,'07:00:00','13:00:00','13:30:00','19:30:00','2073-07-20'),(611,'Campo da basket',20.00,1,30,0,'07:00:00','12:00:00','14:00:00','21:00:00','2069-07-20'),(612,'Campo da basket',20.00,1,30,0,'07:15:00','12:15:00','14:00:00','21:00:00','2079-07-20'),(613,'Campo da basket',20.00,2,30,0,'07:45:00','13:45:00','14:00:00','20:00:00','2071-07-20'),(614,'Campo da basket',20.00,2,30,0,'07:45:00','13:45:00','14:45:00','20:45:00','2072-07-20'),(615,'Campo da basket',20.00,3,30,0,'07:00:00','13:00:00','13:30:00','19:30:00','2073-07-20'),(616,'Campo da basket',20.00,1,30,0,'07:00:00','12:00:00','14:00:00','21:00:00','2069-07-20'),(617,'Campo da basket',20.00,1,30,0,'07:15:00','12:15:00','14:00:00','21:00:00','2079-07-20'),(618,'Campo da basket',20.00,2,30,0,'07:45:00','13:45:00','14:00:00','20:00:00','2071-07-20'),(619,'Campo da basket',20.00,2,30,0,'07:45:00','13:45:00','14:45:00','20:45:00','2072-07-20'),(620,'Campo da basket',20.00,3,30,0,'07:00:00','13:00:00','13:30:00','19:30:00','2073-07-20'),(621,'Campo da basket',20.00,1,30,0,'07:00:00','12:00:00','14:00:00','21:00:00','2069-07-20'),(622,'Campo da basket',20.00,1,30,0,'07:15:00','12:15:00','14:00:00','21:00:00','2079-07-20'),(623,'Campo da basket',20.00,2,30,0,'07:45:00','13:45:00','14:00:00','20:00:00','2071-07-20'),(624,'Campo da basket',20.00,2,30,0,'07:45:00','13:45:00','14:45:00','20:45:00','2072-07-20'),(625,'Campo da basket',20.00,3,30,0,'07:00:00','13:00:00','13:30:00','19:30:00','2073-07-20'),(626,'Campo da basket',20.00,1,30,0,'07:00:00','12:00:00','14:00:00','21:00:00','2069-07-20'),(627,'Campo da basket',20.00,1,30,0,'07:15:00','12:15:00','14:00:00','21:00:00','2079-07-20'),(628,'Campo da basket',20.00,2,30,0,'07:45:00','13:45:00','14:00:00','20:00:00','2071-07-20'),(629,'Campo da basket',20.00,2,30,0,'07:45:00','13:45:00','14:45:00','20:45:00','2072-07-20'),(630,'Campo da basket',20.00,3,30,0,'07:00:00','13:00:00','13:30:00','19:30:00','2073-07-20'),(631,'Campo da basket',20.00,1,30,0,'07:00:00','12:00:00','14:00:00','21:00:00','2069-07-20'),(632,'Campo da basket',20.00,1,30,0,'07:15:00','12:15:00','14:00:00','21:00:00','2079-07-20'),(633,'Campo da basket',20.00,2,30,0,'07:45:00','13:45:00','14:00:00','20:00:00','2071-07-20'),(634,'Campo da basket',20.00,2,30,0,'07:45:00','13:45:00','14:45:00','20:45:00','2072-07-20'),(635,'Campo da basket',20.00,3,30,0,'07:00:00','13:00:00','13:30:00','19:30:00','2073-07-20'),(636,'Campo da basket',20.00,1,30,0,'07:00:00','12:00:00','14:00:00','21:00:00','2069-07-20'),(637,'Campo da basket',20.00,1,30,0,'07:15:00','12:15:00','14:00:00','21:00:00','2079-07-20'),(638,'Campo da basket',20.00,2,30,0,'07:45:00','13:45:00','14:00:00','20:00:00','2071-07-20'),(639,'Campo da basket',20.00,2,30,0,'07:45:00','13:45:00','14:45:00','20:45:00','2072-07-20'),(640,'Campo da basket',20.00,3,30,0,'07:00:00','13:00:00','13:30:00','19:30:00','2073-07-20'),(641,'Campo da basket',20.00,1,30,0,'07:00:00','12:00:00','14:00:00','21:00:00','2069-07-20'),(642,'Campo da basket',20.00,1,30,0,'07:15:00','12:15:00','14:00:00','21:00:00','2079-07-20'),(643,'Campo da basket',20.00,2,30,0,'07:45:00','13:45:00','14:00:00','20:00:00','2071-07-20'),(644,'Campo da basket',20.00,2,30,0,'07:45:00','13:45:00','14:45:00','20:45:00','2072-07-20'),(645,'Campo da basket',20.00,3,30,0,'07:00:00','13:00:00','13:30:00','19:30:00','2073-07-20'),(646,'Campo da basket',20.00,1,30,0,'07:00:00','12:00:00','14:00:00','21:00:00','2069-07-20'),(647,'Campo da basket',20.00,1,30,0,'07:15:00','12:15:00','14:00:00','21:00:00','2079-07-20'),(648,'Campo da basket',20.00,2,30,0,'07:45:00','13:45:00','14:00:00','20:00:00','2071-07-20'),(649,'Campo da basket',20.00,2,30,0,'07:45:00','13:45:00','14:45:00','20:45:00','2072-07-20'),(650,'Campo da basket',20.00,3,30,0,'07:00:00','13:00:00','13:30:00','19:30:00','2073-07-20'),(651,'Campo da basket',20.00,1,30,0,'07:00:00','12:00:00','14:00:00','21:00:00','2069-07-20'),(652,'Campo da basket',20.00,1,30,0,'07:15:00','12:15:00','14:00:00','21:00:00','2079-07-20'),(653,'Campo da basket',20.00,2,30,0,'07:45:00','13:45:00','14:00:00','20:00:00','2071-07-20'),(654,'Campo da basket',20.00,2,30,0,'07:45:00','13:45:00','14:45:00','20:45:00','2072-07-20'),(655,'Campo da basket',20.00,3,30,0,'07:00:00','13:00:00','13:30:00','19:30:00','2073-07-20'),(656,'Campo da basket',20.00,1,30,0,'07:00:00','12:00:00','14:00:00','21:00:00','2069-07-20'),(657,'Campo da basket',20.00,1,30,0,'07:15:00','12:15:00','14:00:00','21:00:00','2079-07-20'),(658,'Campo da basket',20.00,2,30,0,'07:45:00','13:45:00','14:00:00','20:00:00','2071-07-20'),(659,'Campo da basket',20.00,2,30,0,'07:45:00','13:45:00','14:45:00','20:45:00','2072-07-20'),(660,'Campo da basket',20.00,3,30,0,'07:00:00','13:00:00','13:30:00','19:30:00','2073-07-20'),(661,'Campo da basket',20.00,1,30,0,'07:00:00','12:00:00','14:00:00','21:00:00','2069-07-20'),(662,'Campo da basket',20.00,1,30,0,'07:15:00','12:15:00','14:00:00','21:00:00','2079-07-20'),(663,'Campo da basket',20.00,2,30,0,'07:45:00','13:45:00','14:00:00','20:00:00','2071-07-20'),(664,'Campo da basket',20.00,2,30,0,'07:45:00','13:45:00','14:45:00','20:45:00','2072-07-20'),(665,'Campo da basket',20.00,3,30,0,'07:00:00','13:00:00','13:30:00','19:30:00','2073-07-20'),(666,'Campo da basket',20.00,1,30,0,'07:00:00','12:00:00','14:00:00','21:00:00','2069-07-20'),(667,'Campo da basket',20.00,1,30,0,'07:15:00','12:15:00','14:00:00','21:00:00','2079-07-20'),(668,'Campo da basket',20.00,2,30,0,'07:45:00','13:45:00','14:00:00','20:00:00','2071-07-20'),(669,'Campo da basket',20.00,2,30,0,'07:45:00','13:45:00','14:45:00','20:45:00','2072-07-20'),(670,'Campo da basket',20.00,3,30,0,'07:00:00','13:00:00','13:30:00','19:30:00','2073-07-20'),(671,'Campo da basket',20.00,1,30,0,'07:00:00','12:00:00','14:00:00','21:00:00','2069-07-20'),(672,'Campo da basket',20.00,1,30,0,'07:15:00','12:15:00','14:00:00','21:00:00','2079-07-20'),(673,'Campo da basket',20.00,2,30,0,'07:45:00','13:45:00','14:00:00','20:00:00','2071-07-20'),(674,'Campo da basket',20.00,2,30,0,'07:45:00','13:45:00','14:45:00','20:45:00','2072-07-20'),(675,'Campo da basket',20.00,3,30,0,'07:00:00','13:00:00','13:30:00','19:30:00','2073-07-20'),(676,'Campo da basket',20.00,1,30,0,'07:00:00','12:00:00','14:00:00','21:00:00','2069-07-20'),(677,'Campo da basket',20.00,1,30,0,'07:15:00','12:15:00','14:00:00','21:00:00','2079-07-20'),(678,'Campo da basket',20.00,2,30,0,'07:45:00','13:45:00','14:00:00','20:00:00','2071-07-20'),(679,'Campo da basket',20.00,2,30,0,'07:45:00','13:45:00','14:45:00','20:45:00','2072-07-20'),(680,'Campo da basket',20.00,3,30,0,'07:00:00','13:00:00','13:30:00','19:30:00','2073-07-20'),(681,'Campo da basket',20.00,1,30,0,'07:00:00','12:00:00','14:00:00','21:00:00','2069-07-20'),(682,'Campo da basket',20.00,1,30,0,'07:15:00','12:15:00','14:00:00','21:00:00','2079-07-20'),(683,'Campo da basket',20.00,2,30,0,'07:45:00','13:45:00','14:00:00','20:00:00','2071-07-20'),(684,'Campo da basket',20.00,2,30,0,'07:45:00','13:45:00','14:45:00','20:45:00','2072-07-20'),(685,'Campo da basket',20.00,3,30,0,'07:00:00','13:00:00','13:30:00','19:30:00','2073-07-20'),(686,'Campo da basket',20.00,1,30,0,'07:00:00','12:00:00','14:00:00','21:00:00','2069-07-20'),(687,'Campo da basket',20.00,1,30,0,'07:15:00','12:15:00','14:00:00','21:00:00','2079-07-20'),(688,'Campo da basket',20.00,2,30,0,'07:45:00','13:45:00','14:00:00','20:00:00','2071-07-20'),(689,'Campo da basket',20.00,2,30,0,'07:45:00','13:45:00','14:45:00','20:45:00','2072-07-20'),(690,'Campo da basket',20.00,3,30,0,'07:00:00','13:00:00','13:30:00','19:30:00','2073-07-20'),(691,'Campo da basket',20.00,1,30,0,'07:00:00','12:00:00','14:00:00','21:00:00','2069-07-20'),(692,'Campo da basket',20.00,1,30,0,'07:15:00','12:15:00','14:00:00','21:00:00','2079-07-20'),(693,'Campo da basket',20.00,2,30,0,'07:45:00','13:45:00','14:00:00','20:00:00','2071-07-20'),(694,'Campo da basket',20.00,2,30,0,'07:45:00','13:45:00','14:45:00','20:45:00','2072-07-20'),(695,'Campo da basket',20.00,3,30,0,'07:00:00','13:00:00','13:30:00','19:30:00','2073-07-20'),(696,'Campo da basket',20.00,1,30,0,'07:00:00','12:00:00','14:00:00','21:00:00','2069-07-20'),(697,'Campo da basket',20.00,1,30,0,'07:15:00','12:15:00','14:00:00','21:00:00','2079-07-20'),(698,'Campo da basket',20.00,2,30,0,'07:45:00','13:45:00','14:00:00','20:00:00','2071-07-20'),(699,'Campo da basket',20.00,2,30,0,'07:45:00','13:45:00','14:45:00','20:45:00','2072-07-20'),(700,'Campo da basket',20.00,3,30,0,'07:00:00','13:00:00','13:30:00','19:30:00','2073-07-20'),(701,'Campo da basket',20.00,1,30,0,'07:00:00','12:00:00','14:00:00','21:00:00','2069-07-20'),(702,'Campo da basket',20.00,1,30,0,'07:15:00','12:15:00','14:00:00','21:00:00','2079-07-20'),(703,'Campo da basket',20.00,2,30,0,'07:45:00','13:45:00','14:00:00','20:00:00','2071-07-20'),(704,'Campo da basket',20.00,2,30,0,'07:45:00','13:45:00','14:45:00','20:45:00','2072-07-20'),(705,'Campo da basket',20.00,3,30,0,'07:00:00','13:00:00','13:30:00','19:30:00','2073-07-20'),(706,'Campo da basket',20.00,1,30,0,'07:00:00','12:00:00','14:00:00','21:00:00','2069-07-20'),(707,'Campo da basket',20.00,1,30,0,'07:15:00','12:15:00','14:00:00','21:00:00','2079-07-20'),(708,'Campo da basket',20.00,2,30,0,'07:45:00','13:45:00','14:00:00','20:00:00','2071-07-20'),(709,'Campo da basket',20.00,2,30,0,'07:45:00','13:45:00','14:45:00','20:45:00','2072-07-20'),(710,'Campo da basket',20.00,3,30,0,'07:00:00','13:00:00','13:30:00','19:30:00','2073-07-20'),(711,'Campo da basket',20.00,1,30,0,'07:00:00','12:00:00','14:00:00','21:00:00','2069-07-20'),(712,'Campo da basket',20.00,1,30,0,'07:15:00','12:15:00','14:00:00','21:00:00','2079-07-20'),(713,'Campo da basket',20.00,2,30,0,'07:45:00','13:45:00','14:00:00','20:00:00','2071-07-20'),(714,'Campo da basket',20.00,2,30,0,'07:45:00','13:45:00','14:45:00','20:45:00','2072-07-20'),(715,'Campo da basket',20.00,3,30,0,'07:00:00','13:00:00','13:30:00','19:30:00','2073-07-20'),(716,'Campo da basket',20.00,1,30,0,'07:00:00','12:00:00','14:00:00','21:00:00','2069-07-20'),(717,'Campo da basket',20.00,1,30,0,'07:15:00','12:15:00','14:00:00','21:00:00','2079-07-20'),(718,'Campo da basket',20.00,2,30,0,'07:45:00','13:45:00','14:00:00','20:00:00','2071-07-20'),(719,'Campo da basket',20.00,2,30,0,'07:45:00','13:45:00','14:45:00','20:45:00','2072-07-20'),(720,'Campo da basket',20.00,3,30,0,'07:00:00','13:00:00','13:30:00','19:30:00','2073-07-20'),(721,'Campo da basket',20.00,1,30,0,'07:00:00','12:00:00','14:00:00','21:00:00','2069-07-20'),(722,'Campo da basket',20.00,1,30,0,'07:15:00','12:15:00','14:00:00','21:00:00','2079-07-20'),(723,'Campo da basket',20.00,2,30,0,'07:45:00','13:45:00','14:00:00','20:00:00','2071-07-20'),(724,'Campo da basket',20.00,2,30,0,'07:45:00','13:45:00','14:45:00','20:45:00','2072-07-20'),(725,'Campo da basket',20.00,3,30,0,'07:00:00','13:00:00','13:30:00','19:30:00','2073-07-20'),(726,'Campo da basket',20.00,1,30,0,'07:00:00','12:00:00','14:00:00','21:00:00','2069-07-20'),(727,'Campo da basket',20.00,1,30,0,'07:15:00','12:15:00','14:00:00','21:00:00','2079-07-20'),(728,'Campo da basket',20.00,2,30,0,'07:45:00','13:45:00','14:00:00','20:00:00','2071-07-20'),(729,'Campo da basket',20.00,2,30,0,'07:45:00','13:45:00','14:45:00','20:45:00','2072-07-20'),(730,'Campo da basket',20.00,3,30,0,'07:00:00','13:00:00','13:30:00','19:30:00','2073-07-20'),(731,'Campo da basket',20.00,1,30,0,'07:00:00','12:00:00','14:00:00','21:00:00','2069-07-20'),(732,'Campo da basket',20.00,1,30,0,'07:15:00','12:15:00','14:00:00','21:00:00','2079-07-20'),(733,'Campo da basket',20.00,2,30,0,'07:45:00','13:45:00','14:00:00','20:00:00','2071-07-20'),(734,'Campo da basket',20.00,2,30,0,'07:45:00','13:45:00','14:45:00','20:45:00','2072-07-20'),(735,'Campo da basket',20.00,3,30,0,'07:00:00','13:00:00','13:30:00','19:30:00','2073-07-20'),(736,'Campo da basket',20.00,1,30,0,'07:00:00','12:00:00','14:00:00','21:00:00','2069-07-20'),(737,'Campo da basket',20.00,1,30,0,'07:15:00','12:15:00','14:00:00','21:00:00','2079-07-20'),(738,'Campo da basket',20.00,2,30,0,'07:45:00','13:45:00','14:00:00','20:00:00','2071-07-20'),(739,'Campo da basket',20.00,2,30,0,'07:45:00','13:45:00','14:45:00','20:45:00','2072-07-20'),(740,'Campo da basket',20.00,3,30,0,'07:00:00','13:00:00','13:30:00','19:30:00','2073-07-20'),(741,'Campo da basket',20.00,1,30,0,'07:00:00','12:00:00','14:00:00','21:00:00','2069-07-20'),(742,'Campo da basket',20.00,1,30,0,'07:15:00','12:15:00','14:00:00','21:00:00','2079-07-20'),(743,'Campo da basket',20.00,2,30,0,'07:45:00','13:45:00','14:00:00','20:00:00','2071-07-20'),(744,'Campo da basket',20.00,2,30,0,'07:45:00','13:45:00','14:45:00','20:45:00','2072-07-20'),(745,'Campo da basket',20.00,3,30,0,'07:00:00','13:00:00','13:30:00','19:30:00','2073-07-20'),(746,'Campo da basket',20.00,1,30,0,'07:00:00','12:00:00','14:00:00','21:00:00','2069-07-20'),(747,'Campo da basket',20.00,1,30,0,'07:15:00','12:15:00','14:00:00','21:00:00','2079-07-20'),(748,'Campo da basket',20.00,2,30,0,'07:45:00','13:45:00','14:00:00','20:00:00','2071-07-20'),(749,'Campo da basket',20.00,2,30,0,'07:45:00','13:45:00','14:45:00','20:45:00','2072-07-20'),(750,'Campo da basket',20.00,3,30,0,'07:00:00','13:00:00','13:30:00','19:30:00','2073-07-20'),(751,'Campo da basket',20.00,1,30,0,'07:00:00','12:00:00','14:00:00','21:00:00','2069-07-20'),(752,'Campo da basket',20.00,1,30,0,'07:15:00','12:15:00','14:00:00','21:00:00','2079-07-20'),(753,'Campo da basket',20.00,2,30,0,'07:45:00','13:45:00','14:00:00','20:00:00','2071-07-20'),(754,'Campo da basket',20.00,2,30,0,'07:45:00','13:45:00','14:45:00','20:45:00','2072-07-20'),(755,'Campo da basket',20.00,3,30,0,'07:00:00','13:00:00','13:30:00','19:30:00','2073-07-20'),(756,'Campo da basket',20.00,1,30,0,'07:00:00','12:00:00','14:00:00','21:00:00','2069-07-20'),(757,'Campo da basket',20.00,1,30,0,'07:15:00','12:15:00','14:00:00','21:00:00','2079-07-20'),(758,'Campo da basket',20.00,2,30,0,'07:45:00','13:45:00','14:00:00','20:00:00','2071-07-20'),(759,'Campo da basket',20.00,2,30,0,'07:45:00','13:45:00','14:45:00','20:45:00','2072-07-20'),(760,'Campo da basket',20.00,3,30,0,'07:00:00','13:00:00','13:30:00','19:30:00','2073-07-20'),(761,'Campo da basket',20.00,1,30,0,'07:00:00','12:00:00','14:00:00','21:00:00','2069-07-20'),(762,'Campo da basket',20.00,1,30,0,'07:15:00','12:15:00','14:00:00','21:00:00','2079-07-20'),(763,'Campo da basket',20.00,2,30,0,'07:45:00','13:45:00','14:00:00','20:00:00','2071-07-20'),(764,'Campo da basket',20.00,2,30,0,'07:45:00','13:45:00','14:45:00','20:45:00','2072-07-20'),(765,'Campo da basket',20.00,3,30,0,'07:00:00','13:00:00','13:30:00','19:30:00','2073-07-20');
/*!40000 ALTER TABLE `struttura` ENABLE KEYS */;
UNLOCK TABLES;

--
-- Table structure for table `utente`
--

DROP TABLE IF EXISTS `utente`;
/*!40101 SET @saved_cs_client     = @@character_set_client */;
/*!50503 SET character_set_client = utf8mb4 */;
CREATE TABLE `utente` (
  `idUtente` int(11) NOT NULL AUTO_INCREMENT,
  `codiceFiscale` varchar(45) NOT NULL,
  `nome` varchar(45) NOT NULL,
  `cognome` varchar(45) NOT NULL,
  `email` varchar(45) NOT NULL,
  `password` mediumtext NOT NULL,
  `dataNascita` date NOT NULL,
  `indirizzoResidenza` varchar(45) NOT NULL,
  `numeroTelefono` varchar(45) NOT NULL,
  `nazionalita` varchar(45) NOT NULL,
  `isAdmin` tinyint(4) DEFAULT '0',
  `isCancellato` tinyint(4) DEFAULT '0',
  `tokenRecuperoPassword` mediumtext,
  `dataScadenzaTokenRP` date DEFAULT NULL,
  `isTesserato` tinyint(4) DEFAULT '0',
  PRIMARY KEY (`idUtente`),
  UNIQUE KEY `codiceFiscale_UNIQUE` (`codiceFiscale`),
  UNIQUE KEY `email_UNIQUE` (`email`)
) ENGINE=InnoDB AUTO_INCREMENT=212 DEFAULT CHARSET=utf8mb4 COLLATE=utf8mb4_0900_ai_ci;
/*!40101 SET character_set_client = @saved_cs_client */;

--
-- Dumping data for table `utente`
--

LOCK TABLES `utente` WRITE;
/*!40000 ALTER TABLE `utente` DISABLE KEYS */;
INSERT INTO `utente` VALUES (1,'TTORMN80C20G039H','Erminio','Ottone','erminio@gmail.com','3fc03eaad57a7cf84415c6012efc4fa16b99499e1ec89c96d12ac76c31e20f522438290a446d62c9e693825396cea7dc3558c49c05d4d4697e70e740c9c63ff0','1980-03-20','Via Carmine, 43','3334567890','Italia',0,0,NULL,NULL,1),(2,'RSSGNN78G12H703G','Gianni','Russo','gianni@gmail.com','3fc03eaad57a7cf84415c6012efc4fa16b99499e1ec89c96d12ac76c31e20f522438290a446d62c9e693825396cea7dc3558c49c05d4d4697e70e740c9c63ff0','1978-06-12','Via Rosati, 3','3456789123','Italia',0,0,NULL,NULL,1),(3,'TTRMRL12B43J902Z','Marilina','Tortora','lina@gmail.com','8450eca01665516d9aeb5317764902b78495502637c96192c81b1683d32d691a0965cf037feca8b9ed9ee6fc6ab8f27fce8f77c4fd9b4a442a00fc317b8237e6','1990-02-12','Via Roncato, 23','3345678419','Italia',1,0,NULL,NULL,0),(4,'CSTMRZ40B23H703N','Maurizio','Costanzo','maurizio@gmail.com','3fc03eaad57a7cf84415c6012efc4fa16b99499e1ec89c96d12ac76c31e20f522438290a446d62c9e693825396cea7dc3558c49c05d4d4697e70e740c9c63ff0','1940-02-23','Via del Collo, 22','3344545673','Italia',0,0,NULL,NULL,0),(5,'CVLDNT86S12K865G','Gianni Alfonso','Bottiglieri','donato@gmail.com','3fc03eaad57a7cf84415c6012efc4fa16b99499e1ec89c96d12ac76c31e20f522438290a446d62c9e693825396cea7dc3558c49c05d4d4697e70e740c9c63ff0','1990-12-12','Via Palmieri, 22','3333333333','Italia',0,1,NULL,NULL,0),(8,'DLLAAT80A01A509R','Matteo','Della Rocca','deleeeeeel@gmail.com','b2a8e225b0550aebaa7eb7b4e2948287c433288d041cb880771b82f4da5575298f595d48d843b28c4d6864c82f8738dabd788c505f86bc1f20d5e0d9a0051517','1999-01-02','Via CCCC','3277728490','italia',0,0,NULL,NULL,0),(10,'DVDSST80A01A509R','hasubbbaa','Bottiglieri','jovelak228@whecode.com','b2a8e225b0550aebaa7eb7b4e2948287c433288d041cb880771b82f4da5575298f595d48d843b28c4d6864c82f8738dabd788c505f86bc1f20d5e0d9a0051517','2022-01-02','Via CCCC','3277728490','italia',0,0,'f912d68dad4a6174afcf488c96304dee7159ac8b9a31cab9895b62f5ef353d964b1d4a4f7a372057e51d5e53931cbbb9b9aec2f3ae729879aa0488f603c952c9','2022-01-08',0),(11,'DVDGST80A01A509R','Gianni Alfonso','Bottiglieri','dellarocca16@gmail.com','b01a646ba766b4fc33d539e8ac89babbabb31841ec777b891f39a30154381f1b5beb76b84be66c3f410325fd7c7d04c1797075139b6e83a45ce2fc0ec9e4014f','2020-02-28','Via Ros!ti, 45','1111111111','italia',0,0,NULL,NULL,1),(13,'DVDGST80A01A509M','Gianni','Morandi','dellarcca16@gmail.com','b2a8e225b0550aebaa7eb7b4e2948287c433288d041cb880771b82f4da5575298f595d48d843b28c4d6864c82f8738dabd788c505f86bc1f20d5e0d9a0051517','2020-02-28','Via Ros!ti, 45','1111111111','italia',0,0,NULL,NULL,0),(14,'DSDGST80A01A509R','Gianni','Morandi','dellarscca16@gmail.com','b2a8e225b0550aebaa7eb7b4e2948287c433288d041cb880771b82f4da5575298f595d48d843b28c4d6864c82f8738dabd788c505f86bc1f20d5e0d9a0051517','2020-02-28','Via Ros!ti, 45','1111111111','italia',0,0,NULL,NULL,0),(20,'ANNANANANNANAA','Anna','Falchi','annaf@munnez.it','b2a8e225b0550aebaa7eb7b4e2948287c433288d041cb880771b82f4da5575298f595d48d843b28c4d6864c82f8738dabd788c505f86bc1f20d5e0d9a0051517','2022-01-02','Via CCCC','3277728490','italia',0,1,'f912d68dad4a6174afcf488c96304dee7159ac8b9a31cab9895b62f5ef353d964b1d4a4f7a372057e51d5e53931cbbb9b9aec2f3ae729879aa0488f603c952c9','2022-01-08',0),(168,'DVDGST80A01A509P','Kroksal','Baba','dellasd@gmail.com','b2a8e225b0550aebaa7eb7b4e2948287c433288d041cb880771b82f4da5575298f595d48d843b28c4d6864c82f8738dabd788c505f86bc1f20d5e0d9a0051517','2020-02-28','Via Ros!ti, 45','1111111111','italia',0,0,NULL,NULL,0);
/*!40000 ALTER TABLE `utente` ENABLE KEYS */;
UNLOCK TABLES;
/*!40103 SET TIME_ZONE=@OLD_TIME_ZONE */;

/*!40101 SET SQL_MODE=@OLD_SQL_MODE */;
/*!40014 SET FOREIGN_KEY_CHECKS=@OLD_FOREIGN_KEY_CHECKS */;
/*!40014 SET UNIQUE_CHECKS=@OLD_UNIQUE_CHECKS */;
/*!40101 SET CHARACTER_SET_CLIENT=@OLD_CHARACTER_SET_CLIENT */;
/*!40101 SET CHARACTER_SET_RESULTS=@OLD_CHARACTER_SET_RESULTS */;
/*!40101 SET COLLATION_CONNECTION=@OLD_COLLATION_CONNECTION */;
/*!40111 SET SQL_NOTES=@OLD_SQL_NOTES */;

-- Dump completed on 2022-01-23 19:15:57